:020000040800F2
:10000000681300205D0200086F020008D123000879
:100010006F0200086F0200086F0200080000000075
:100020000000000000000000000000006F02000857
:100030006F020008000000006F020008D163000892
:10004000000000006112000811120008511200089F
:10005000311200084112000821120008C1120008E4
:1000600071120008B112000891120008A1120008D4
:10007000811200086980000879800008C96B0008B7
:10008000D96B00083924000849240008F149000808
:10009000014A0008114A0008214A0008E11200083C
:1000A000F1120008D11200081113000821130008F2
:1000B00001130008E1340008411F0008511F000827
:1000C000611F0008711F0008811F000891200008AF
:1000D0006F0200086F0200086F0200086F0200083C
:1000E0006F020008911F000801200008112000087D
:1000F000212000083120000841200008512000087C
:10010000612000087120000881200008A11F00085C
:10011000B11F0008C11F0008D11F0008E11F00081F
:10012000F11F0008791B0008891B0008991B0008B3
:1001300061360008414A0008314A0008614A000857
:10014000514A000881130008713600086F02000848
:100150006F0200086F020008B13300083113000875
:1001600041130008511300086113000871180008BA
:100170008118000891480008A1480008B14800080B
:10018000691C0008791C000841490008C1480008A2
:10019000D1480008E1480008F1480008514900082A
:1001A00001490008114900082149000831490008A7
:1001B0009113000871130008411E000881590008BE
:1001C0009159000801120008891C0008D91C000878
:1001D000E91C0008F91C0008091D0008191D000889
:1001E000291D0008391D0008491D0008591D000877
:1001F000991C0008A91C0008B91C0008C91C0008AB
:10020000A91B0008D91B0008E91B0008F91B0008FE
:10021000091C0008191C0008291C0008391C0008CA
:10022000491C0008591C0008B91B0008C91B00081C
:10023000C16300088980000899800008A98000082F
:10024000B9800008C9800008DFF80CD000F07CF805
:1002500000480047C182000868130020044805498F
:100260000860DFF814D00548804705480047FEE7DE
:100270000000000808ED00E0681300203964000861
:10028000490200082DE9F05F0546002092469B4692
:1002900088460646814640241BE02846414647469C
:1002A000224600F041F853465A46C01A914110D3F5
:1002B00011461846224600F028F82D1A67EB01086F
:1002C0004F4622460120002100F01FF817EB0009DD
:1002D0004E41201EA4F10104DFDC484631462A4687
:1002E0004346BDE8F09FD2B201E000F8012B491E61
:1002F000FBD270470022F6E710B513460A460446C3
:100300001946FFF7F0FF204610BD202A04DB203AF3
:1003100000FA02F1002070479140C2F1200320FA58
:1003200003F3194390407047202A04DB203A21FA56
:1003300002F00021704721FA02F3D040C2F12002FE
:1003400091400843194670471CB509480090094878
:1003500001900546009C06E0E06840F0010394E847
:10036000070098471034AC42F6D3FFF771FF000046
:10037000749200089492000870B58C1810F8015B14
:1003800015F0070301D110F8013B2A1106D110F82E
:10039000012B03E010F8016B01F8016B5B1EF9D132
:1003A0002B0705D40023521E0DD401F8013BFAE7B8
:1003B00010F8013BCB1A921C03E013F8015B01F823
:1003C000015B521EF9D5A142D8D3002070BD0000B8
:1003D00010B54CF200041021C4F21004042220468F
:1003E00000F046FA002808BF10BD41F200000021CD
:1003F000C4F20000442204F057FC102104222046DD
:1004000000F03EF806F080F9BDE8104006F0ACBE02
:10041000B0B54CF200020446C4F210020D46904200
:1004200013D04DF20000C4F2100084420DD04EF201
:100430000000C4F21000844207D049F27C0040F66C
:100440000811C0F6000007F053FE3DB1D4F8E801F2
:1004500040EA0520C4F8E801B0BD00BF49F27C00C5
:1004600040F60911C0F6000007F042FED4F8E8019A
:1004700040EA0520C4F8E801B0BD0000000000001B
:1004800070B54CF200030446C4F2100316469842BD
:100490000D4613D04DF20000C4F2100084420DD07E
:1004A0004EF20000C4F21000844207D049F27C00F2
:1004B00040F2D751C0F6000007F01AFE3DB949F2EC
:1004C0007C004FF4BB61C0F6000007F011FE042E63
:1004D00010D84FF44070DFE806F00A040308070064
:1004E0002D044FF4417002E02D044FF44270215866
:1004F0002943215070BD0000B0B54CF20002044603
:10050000C4F210020D46904213D04DF20000C4F226
:10051000100084420DD04EF20000C4F2100084425C
:1005200007D049F27C0040F22111C0F6000007F02C
:10053000DFFD3DB949F27C004FF49171C0F6000037
:1005400007F0D6FDA06920F00200A061A06920F0AC
:100550000400A061206BA8432063B0BD0000000030
:10056000B0B54CF200020446C4F210020D469042AF
:1005700012D04DF20000C4F2100084420CD04EF2B2
:100580000000C4F21000844206D049F27C00F4213D
:10059000C0F6000007F0ACFD35B949F27C00F5214A
:1005A000C0F6000007F0A4FDA06940F00200A061C1
:1005B000A06940F00400A061206B28432063D4F8B8
:1005C0003C0240F00120C4F83C02B0BD0000000035
:1005D00070B54CF200030446C4F21003164698426C
:1005E0000D4613D04DF20000C4F2100084420DD02D
:1005F0004EF20000C4F21000844207D049F27C00A1
:1006000040F2E631C0F6000007F072FD3DB949F254
:100610007C0040F2E731C0F6000007F069FD042ECF
:1006200010D84FF43770DFE806F00A04030807001B
:100630002D044FF4387002E02D044FF43970215826
:100640002943215070BD0000B0B54CF20002C4F245
:100650001002904218D04DF20002C4F210029042F3
:1006600012D04EF20002C4F2100290420CD049F2B5
:100670007C020C46C0F6000240F26E210546104690
:1006800007F036FD21462846FF2900F331804A1E37
:100690003F2A00F25180DFE802F02121512151511F
:1006A000512151515151515151215151515151519A
:1006B000515151515151515151215151515151515A
:1006C000515151515151515151515151515151511A
:1006D0005151515151515151512100BF91FAA1F144
:1006E000B1FA81F100EB8100D0F8940200B2B0BD04
:1006F000B1F5805F0ADAB1F5806F11DAB1F5807F6C
:10070000ECD0B1F5007FE9D018E000BFB1F5804F23
:100710000CDAB1F5805FE1D0B1F5005FDED00DE01D
:10072000DCD0B1F5006FD9D008E000BFD6D0B1F56C
:10073000004FD3D002E000BF8029CFD049F27C0225
:100740000C46C0F6000240F26F210546104607F045
:10075000CFFC21462846C1E7B0B54CF20002C4F2F6
:100760001002904218D04DF20002C4F210029042E2
:1007700012D04EF20002C4F2100290420CD049F2A4
:100780007C020C46C0F6000240F2BD210546104630
:1007900007F0AEFC21462846FF2900F333804A1EAD
:1007A0003F2A00F25380DFE802F021215321535306
:1007B000532153535353535353215353535353536D
:1007C000535353535353535353215353535353532B
:1007D00053535353535353535353535353535353E9
:1007E0005353535353535353532100BF91FAA1F121
:1007F000B1FA81F100EB8100D0F89402C0F300401F
:10080000B0BD00BFB1F5805F0ADAB1F5806F11DAD3
:10081000B1F5807FEAD0B1F5007FE7D018E000BFE6
:10082000B1F5804F0CDAB1F5805FDFD0B1F5005F34
:10083000DCD00DE0DAD0B1F5006FD7D008E000BF12
:10084000D4D0B1F5004FD1D002E000BF8029CDD087
:1008500049F27C020C46C0F6000240F2BE21054679
:10086000104607F045FC21462846BFE7000000007F
:1008700070B54CF20003C4F2100398421AD04DF246
:100880000003C4F21003984214D04EF20003C4F2E5
:10089000100398420ED049F27C030C46C0F60003C8
:1008A00040F2065105461846164607F021FC32462E
:1008B00028462146FF2900F335804B1E3F2B00F2CE
:1008C0007380DFE803F02121732173737321737345
:1008D000737373737321737373737373737373733A
:1008E000737373737321737373737373737373732A
:1008F00073737373737373737373737373737373C8
:1009000073737373732100BF042A3FD8DFE802F0CA
:1009100004382A32220000BFD0F81803084018BF5C
:10092000012070BDB1F5805F0ADAB1F5806F2FDA72
:10093000B1F5807FE8D0B1F5007FE5D036E000BFAB
:10094000B1F5804F2ADAB1F5805FDDD0B1F5005FF7
:10095000DAD02BE0D0F8200310EA014018BF0120C4
:1009600070BD00BFD0F81C0310EA014018BF012081
:1009700070BD00BFD0F82003084018BF012070BD33
:10098000D0F81C03084018BF012070BD002070BDC6
:10099000BAD0B1F5006FB7D008E000BFB4D0B1F560
:1009A000004FB1D002E000BF8029ADD049F27C03F6
:1009B0000C46C0F6000340F207510546184616469D
:1009C00007F096FB3246284621469DE700000000CE
:1009D0002DE9F04F81B04CF200028146C4F21002C2
:1009E0000D46904212D04DF20000C4F21000814535
:1009F0000CD04EF20000C4F21000814506D049F23E
:100A00007C00AE21C0F6000007F072FB28880028A9
:100A100000F01681B5F80500B0F5807F00F21D8169
:100A2000287B112880F02481E87A112806D349F226
:100A30007C00B221C0F6000007F05AFB4FF6FF7BA6
:100A40000020CBF6017B4FF0040E4FF0080A40F275
:100A5000FF1C03E00430102800F0C680B5F80080C9
:100A6000012101FA00F717EA080F29D009EB8002EB
:100A7000536BE9782E7903EA0B03AC7843EAC15152
:100A800041EA464141EA84715163516BB5F8053042
:100A900021EA0C0119435163D9F84012AA7A4FF4A4
:100AA000803383408240994341EA0241C9F84012B1
:100AB000D9F840126A7AB94382401143C9F840120A
:100AC0002988022202FA00F70F422AD009EB80019E
:100AD0008A6BEB782C7902EA0B02AE7842EAC352B9
:100AE00042EA44424FF4003442EA86728A638A6BD7
:100AF000B5F8053022EA0C0284401A438A63D9F81B
:100B00004012AA7A431CA1439A4041EA0241C9F823
:100B10004012D9F840126A7AB9439A401143C9F891
:100B2000401229880EFA00F70F422AD009EB800103
:100B3000CA6BEB782C7902EA0B02AE7842EAC35218
:100B400042EA44424FF4802442EA8672CA63CA6B86
:100B5000B5F8053022EA0C0284401A43CA63D9F87A
:100B60004012AA7A831CA1439A4041EA0241C9F883
:100B70004012D9F840126A7AB9439A401143C9F831
:100B8000401229880AFA00F70F423FF463AF09EBDD
:100B900080010A6CEB782C7902EA0B02AE7842EA0B
:100BA000C35242EA44424FF4002442EA86720A6485
:100BB0000A6CB5F8053022EA0C0284401A430A6434
:100BC000D9F84012AA7AC31CA1439A4041EA0241D3
:100BD000C9F84012D9F840126A7AB9439A401143D1
:100BE000C9F8401236E700BFD9F83C02297B20F44F
:100BF000F81040EA0140C9F83C02D9F83C02E97A11
:100C000020F01F000843C9F83C02D9F83802297ABD
:100C100020F0020040EA4100C9F83802D9F8380251
:100C2000E97920F001000843C9F83802D9F8180022
:100C300040F00100C9F8180001B0BDE8F08F00BF16
:100C400049F27C00AF21C0F6000007F051FAB5F878
:100C50000500B0F5807F7FF6E3AE49F27C00B0215D
:100C6000C0F6000007F044FA287B1128FFF4DCAE40
:100C700049F27C00B121C0F6000007F039FAE87AA9
:100C80001128BFF4D4AED9E60021C0F807104160A6
:100C9000016041F21001A0F80B1070470000000045
:100CA00070B54CF20003C4F2100398421AD04DF212
:100CB0000003C4F21003984214D04EF20003C4F2B1
:100CC000100398420ED049F27C030C46C0F6000394
:100CD0004FF4C67105461846164607F009FA214634
:100CE00028463246FF2900F383804B1E3F2B00F23B
:100CF000CF80DFE813F041004100D0004100D00078
:100D0000D000D0004100D000D000D000D000D000F2
:100D1000D000D0004100D000D000D000D000D000E2
:100D2000D000D000D000D000D000D000D000D00043
:100D3000D000D0004100D000D000D000D000D000C2
:100D4000D000D000D000D000D000D000D000D00023
:100D5000D000D000D000D000D000D000D000D00013
:100D6000D000D000D000D000D000D000D000D00003
:100D7000D000D000410000BFFF2A00F34980531E7D
:100D80003F2B00F29980DFE803F021219A219A9A03
:100D90009A219A9A9A9A9A9A9A219A9A9A9A9A9AA5
:100DA0009A9A9A9A9A9A9A9A9A219A9A9A9A9A9A1C
:100DB0009A9A9A9A9A9A9A9A9A9A9A9A9A9A9A9A93
:100DC0009A9A9A9A9A9A9A9A9A2100BF91FAA1F1BC
:100DD000B1FA81F192FAA2F2B2FA82F200EB81004A
:100DE000416B21F4F03141EA4231416370BD00BFF3
:100DF000B1F5805F1ADAB1F5806F2DDAB1F5807F39
:100E00003FF4BAAFB1F5007F3FF4B6AF43E000BFA7
:100E1000B2F5805F16DAB2F5806F25DAB2F5807F21
:100E2000D4D0B2F5007FD1D049E000BFB1F5804FFA
:100E300020DAB1F5805F3FF49FAFB1F5005F3FF47A
:100E40009BAF28E0B2F5804F1CDAB2F5805FBDD0D1
:100E5000B2F5005FBAD032E03FF48EAFB1F5006F6B
:100E60003FF48AAF17E000BFB0D0B2F5006FADD04D
:100E700025E000BF3FF480AFB1F5004F3FF47CAFF9
:100E800009E000BFA2D0B2F5004F9FD017E000BF2D
:100E900080293FF471AF49F27C030C46C0F6000391
:100EA00040F28D1105461846164607F021F92146F5
:100EB0002846324660E700BF802A3FF487AF49F2F8
:100EC0007C030C46C0F600034FF4C7710546184674
:100ED000164607F00DF921462846324676E700000F
:100EE0004CF20002C4F2100290421BD04DF20002FC
:100EF000C4F21002904215D04EF20002C4F2100269
:100F000090420FD0B0B549F27C020C46C0F6000208
:100F10004FF4AD710546104607F0EAF82146284621
:100F2000BDE8B040826922F0080242EAC101816155
:100F3000704700000000000010B54CF20001C4F240
:100F40001001884216D04DF20001C4F2100188420F
:100F500010D04EF20001C4F2100188420AD049F2CA
:100F60007C0240F2DA21C0F600020446104607F087
:100F7000BFF820468169082221F002018161816960
:100F800041F004018161416862F3030141604168FD
:100F900041F000614160816841F001018160C168F8
:100FA000C90309D4C168C9035CBFC1685FEAC13124
:100FB00002D4C168C903F2D5C1684FF400630A04C2
:100FC00001F0030100EE101AB5EE002A03EBA24275
:100FD000B8EE401A00EE102AB8EEC00A01EE020A7E
:100FE000B5EE400AF1EE10FA02DA9FED620A08E06F
:100FF0009FED611AB4EE410AF1EE10FA01DDB0EE98
:10100000410A4168042221F008014160416862F30D
:1010100003014160816841F001018160C168C90339
:1010200009D4C168C9035CBFC1685FEAC13102D499
:10103000C168C903F2D5C1680A0401F0030101EED9
:10104000101A4FF4006101EBA241B8EE413A01EEF3
:10105000101AB8EEC11A03EE021AB5EE401AF1EEFC
:1010600010FA03DA9FED431A09E000BF9FED422A10
:10107000B4EE421AF1EE10FA01DDB0EE421A30EE93
:10108000412A9FED3E3AB1EE004A22EE032AB7EE26
:10109000003A83EE023AB5EE402AF1EE10FA18BF9C
:1010A000B0EE432A4168B4EE442A21F00401F1EE87
:1010B00010FA41601ADAB5EE402AF1EE10FA19DDA5
:1010C000B6EEC23A9FED2E4A32EE433ABDEEC22A48
:1010D00023EE043A12EE101ABDEEC33A01F00301FA
:1010E00013EE102A42EA013105E000BF43F6FF711A
:1010F00001E000BF002130EE010AB6EE001A20EE3A
:10110000010ABDEEC00A10EE102AC2F5006212B24A
:1011100012F1100F02DA4FF4805209E00F2A03DDBA
:101120004FF4706204E000BF4FF4F85303EA022268
:101130006FF39F31036943F000430361436943F058
:101140000043436143696FF31D4343EA0141416139
:10115000016921F4F85111430161416821F00061F6
:101160004160816921F002018161816921F00401FE
:10117000816110BD0000000000F07F450000803953
:10118000000080450000000070B54CF200030446EA
:10119000C4F21003164698420D4613D04DF20000DB
:1011A000C4F2100084420DD04EF20000C4F21000D0
:1011B000844207D049F27C0040F29141C0F6000021
:1011C00006F096FF3DB949F27C0040F29241C0F62C
:1011D000000006F08DFF042E10D84FF43A70DFE8BF
:1011E00006F00A04030807002D044FF43B7002E0E8
:1011F0002D044FF43C702158A943215070BD0000CC
:1012000040F62010C2F20000D0F8C40100470000F0
:1012100040F62010C2F20000806C00470000000081
:1012200040F62010C2F20000806D00470000000070
:1012300040F62010C2F20000006D004700000000E0
:1012400040F62010C2F20000406D00470000000090
:1012500040F62010C2F20000C06C00470000000001
:1012600040F62010C2F20000406C00470000000071
:1012700040F62010C2F20000006E0047000000009F
:1012800040F62010C2F20000006F0047000000008E
:1012900040F62010C2F20000806E004700000000FF
:1012A00040F62010C2F20000C06E004700000000AF
:1012B00040F62010C2F20000406E0047000000001F
:1012C00040F62010C2F20000C06D00470000000090
:1012D00040F62010C2F20000D0F8A4000047000041
:1012E00040F62010C2F20000D0F89C000047000039
:1012F00040F62010C2F20000D0F8A0000047000025
:1013000040F62010C2F20000D0F8B0000047000004
:1013100040F62010C2F20000D0F8A80000470000FC
:1013200040F62010C2F20000D0F8AC0000470000E8
:1013300040F62010C2F20000D0F85C010047000027
:1013400040F62010C2F20000D0F860010047000013
:1013500040F62010C2F20000D0F8640100470000FF
:1013600040F62010C2F20000D0F8680100470000EB
:1013700040F62010C2F20000D0F8B401004700008F
:1013800040F62010C2F20000D0F8440100470000EF
:1013900040F62010C2F20000D0F8B0010047000073
:1013A00010B54CF20804C4F240042068C00705D10F
:1013B00047F64000C0F27D1002E000BF00F008F8E0
:1013C0002168C1F305410131B0FBF1F010BD00000F
:1013D00080B54CF24400C4F2400050F83C1C50F878
:1013E000402CC90747F64001C0F27D1116D0920784
:1013F00050F8402C12D4D20706D1FC22C4F240028D
:101400001368002B18BF116850F83C2CD20731D15B
:1014100042F61501C0F27F014EE000BFD2070A4636
:1014200007D1FC23C4F240031A68002A0A4618BFF9
:101430001A6850F83C3CDB073ED00168D0F800E069
:10144000D0F800C00368C1F30B4103F03F03B2FBC7
:10145000F3F2CEF3C2235143CCF3022250F840CC36
:10146000B1FBF3F1B1FBF2F1012222EA5C02D140BF
:1014700022E000BF0268D0F800E0D0F800C00368A6
:10148000C2F30B4203F03F03B1FBF3F1CEF3C223EF
:101490005143CCF3022250F840CCB1FBF3F1B1FB45
:1014A000F2F1012222EA5C02D1404AF6AB22CAF6EE
:1014B000AA22A1FB0212510850F8380C00F03F009C
:1014C0000130B1FBF0F080BD80B54CF24400C4F2B5
:1014D000400050F83C1CC90747F64001C0F27D119E
:1014E00008D150F8340C00F03F000130B1FBF0F0AF
:1014F00080BD00BF50F8402C920750F8402C11D40A
:10150000D20706D1FC22C4F240021368002B18BF98
:10151000116850F83C2CD20730D14BF62041C0F274
:10152000BE01DEE7D2070A4607D1FC23C4F240031E
:101530001A68002A0A4618BF1A6850F83C3CDB07B4
:10154000CFD00168D0F800E0D0F800C00368C1F344
:101550000B4103F03F03B2FBF3F2CEF3C22351433E
:10156000CCF3022250F840CCB1FBF3F1B1FBF2F125
:10157000012222EA5C02D140B3E700BF0268D0F842
:1015800000E0D0F800C00368C2F30B4203F03F0351
:10159000B1FBF3F1CEF3C2235143CCF3022250F856
:1015A00040CCB1FBF3F1B1FBF2F1012222EA5C0283
:1015B000D140490895E700004CF2B00045F278614F
:1015C000C4F24000C1F23421016070470000000005
:1015D00000287DD070B54CF20806C4F24006316890
:1015E000C27A21F4800141EA825131603168037A84
:1015F00021F07C444279817990F807C044EA836302
:101600003360336823F47C1343EA0141316071682D
:1016100021F07C5141EA0C617160716821F47C1108
:1016200041EA024171607168437A21F47C5141EAD8
:10163000032171607168047921F03F010133DBB24D
:1016400021437160B168046821F03F012143B1601A
:10165000B168847A21F47C5E511CCAB218469A4261
:101660000CF1010188BF1046C9B24EEA0424884239
:10167000B46098BF084600E00130C4B2B4FBF2F594
:1016800005FB1245002DF7D1B4FBF3F505FB13451F
:10169000002DF1D1B4FBF1F505FB1145002DEBD187
:1016A00030686FF0FF0120F47F4001EB0421084314
:1016B0003060306840F0100030604FF47A7006F00F
:1016C0000BFD306820F010003060002070BD00BFBE
:1016D000012070470000000010B50446022806D320
:1016E00049F20D10FE21C0F6000006F001FD4CF29B
:1016F0000801C4F24001086820F0010200202243E2
:101700000A6010BD0000000040B1F0B581B0144681
:101710000268012A04D9012001B0F0BD0120704700
:1017200040F22825C4F2400522B94FF6D463CFF623
:10173000FF73E9504CF24401C369C4F24001012B2C
:1017400051F8407C27F0020708BF023741F8407C7F
:1017500051F8403C23F001031A4341F8402C0A6839
:10176000D0E902376FF31B42D0E9046C42EA03422E
:101770000A604A6802F07F423A434A600A6822F4EB
:10178000605242EAC6220A600A6822F4E06242EA33
:101790000C220A600A68836922F03F021A430A6039
:1017A00042680868022A07D0A2B940F48040086065
:1017B000002001B0F0BD00BF40F0400008600868A4
:1017C00020F48040086051F8400C40F0020041F8DD
:1017D000400C02E020F48040086000271F2602E051
:1017E0000027013C0ED064202E6006F075FC68686E
:1017F000C006F5D42868C006F2D4032FD8D8013724
:10180000013CF0D1042001B0F0BD00000000000058
:101810004CF2B0004AF6A901C4F24000C7F67901C3
:101820000160704700000000038811FB01F211FB0A
:1018300031225B439A4217D990F8B230C3EB12625F
:10184000D2B200EB42000AB20914808842434843F6
:10185000D117C31702EB514100EB5340C913C0F33A
:10186000CF30C1EA00407047080CC1EA0040704721
:1018700040F62010C2F20000D0F86C0100470000D2
:1018800040F62010C2F20000D0F8700100470000BE
:10189000B0B590F830100022044605F0F5FC00B217
:1018A000002500F50040C4F21005C0F30F112846D2
:1018B00000F0F2F894F831100022204605F0E4FC24
:1018C00000B200F5004105F58050C1F30F11BDE8ED
:1018D000B04000F0E1B80000084490F830007047D4
:1018E00000EB4100B0F9320070470000000000003A
:1018F000B0B582B000240DF10305C4F210044FF01E
:101900008070CDF8030000208DF80700204629469E
:1019100000F026F80121204600F06EF80021204654
:1019200000F092F8204600F047F804F5805429466C
:10193000204600F015F80121204600F05DF8002156
:10194000204600F081F8204600F036F802B0B0BD25
:10195000084480F83020704700EB41004286704711
:10196000B0B541F2000340F48052C4F210039A4231
:101970000BD049F254120C46C0F60002382105463D
:10198000104606F0B5FB21462846C26891F800C013
:101990004D7822F01E028C78CB7842EACC0242EAE3
:1019A000850242EA440242EA0312C26009790161F7
:1019B000B0BD00000000000080B50021C4F210019D
:1019C00088420FD041F20001C4F21001884206D0D3
:1019D00049F25410A521C0F6000006F089FB402012
:1019E00001E000BF042040F23421C4F240010A6843
:1019F0001043086080BD000010B50022C4F2100240
:101A0000904213D041F20002C4F21002904208D07A
:101A100049F254100C46C0F60000602106F068FB45
:101A2000214607206FF0800203E000BF03206FF023
:101A3000080240F2342301FA00F0C4F240031C68AB
:101A400022401043186010BD41F2000340F4805260
:101A5000C4F210039A420ED0B0B549F254120C46AB
:101A6000C0F6000278210546104606F041FB2146EB
:101A70002846BDE8B040C268C368D20623F0100310
:101A8000C360816058BF7047C16841F01001C160F8
:101A9000704700000000000041F2000340F4805253
:101AA000C4F210039A4201D141607047B0B549F2C7
:101AB00054120C46C0F600028C210546104606F072
:101AC00017FB21462846BDE8B04041607047000042
:101AD00070B540F2345144F24025C2F20001C0F228
:101AE0000F0500232A460968A1FB00042146FEF7E2
:101AF000C9FBAC4204460D4606D349F2C300EE21B1
:101B0000C0F6000006F0F4FA4EF6FC5041F2000672
:101B1000CEF20000CEF20006016841F08071016053
:101B20003068800106D549F2C300F621C0F60000F6
:101B300006F0DEFA00207060316841F0010131608A
:101B40007168091B70EB05010ED27168091B70EBFF
:101B5000050109D27168091B70EB050104D2716897
:101B6000091B70EB0501EBD3306820F001003060F9
:101B700070BD00000000000040F62010C2F200001E
:101B8000D0F824010047000040F62010C2F2000007
:101B9000D0F828010047000040F62010C2F20000F3
:101BA000D0F82C010047000040F62010C2F20000DF
:101BB000D0F800020047000040F62010C2F20000FA
:101BC000D0F828020047000040F62010C2F20000C2
:101BD000D0F82C020047000040F62010C2F20000AE
:101BE000D0F804020047000040F62010C2F20000C6
:101BF000D0F808020047000040F62010C2F20000B2
:101C0000D0F80C020047000040F62010C2F200009D
:101C1000D0F810020047000040F62010C2F2000089
:101C2000D0F814020047000040F62010C2F2000075
:101C3000D0F818020047000040F62010C2F2000061
:101C4000D0F81C020047000040F62010C2F200004D
:101C5000D0F820020047000040F62010C2F2000039
:101C6000D0F824020047000040F62010C2F2000025
:101C7000D0F880010047000040F62010C2F20000BA
:101C8000D0F884010047000040F62010C2F20000A6
:101C9000D0F8C8010047000040F62010C2F2000052
:101CA000D0F8F0010047000040F62010C2F200001A
:101CB000D0F8F4010047000040F62010C2F2000006
:101CC000D0F8F8010047000040F62010C2F20000F2
:101CD000D0F8FC010047000040F62010C2F20000DE
:101CE000D0F8CC010047000040F62010C2F20000FE
:101CF000D0F8D0010047000040F62010C2F20000EA
:101D0000D0F8D4010047000040F62010C2F20000D5
:101D1000D0F8D8010047000040F62010C2F20000C1
:101D2000D0F8DC010047000040F62010C2F20000AD
:101D3000D0F8E0010047000040F62010C2F2000099
:101D4000D0F8E4010047000040F62010C2F2000085
:101D5000D0F8E8010047000040F62010C2F2000071
:101D6000D0F8EC010047000080B1417802780A44C5
:101D700039B1042901F0030C0CD20021BCF1000F91
:101D800035D190B202EB1020C0B270470020C0B233
:101D9000704700BFF0B5031F01F0FC01C1F1000E58
:101DA0006FF003019C791E7ADD795F7A2244043159
:101DB0002A440EEB0104324404343A4403F1040390
:101DC0000FD000BF9C79DD79043122441C7A2A446B
:101DD0005D7A0EEB01062244341D03F104032A440C
:101DE000F0D1BDE8F0400431BCF1000FC9D00230A1
:101DF000BCF1010F435C1A44C3D00844BCF1020F8C
:101E000041780A44BDD08078024490B202EB1020A1
:101E1000C0B27047000000000021A0F81B1180F83C
:101E20001D11C0F81210C0F8961080F89A10704773
:101E3000002808BF704780E80E000099C160704715
:101E400040F62010C2F20000D0F8B80100470000B0
:101E500040F210712622C2F2000110FB021292F829
:101E60007C30002B18BF704710B501EB800002F1E9
:101E70005804406903F06CFCE0832082BDE8104008
:101E8000704700000000000010B540F210712622DB
:101E9000C2F2000110FB021201EB800400210023BA
:101EA000A0699365D36553669366C2F86E30C2F835
:101EB0007230C2F8763001F0FFFBE069002101F0DA
:101EC000FBFB606903F070FCE068BDE8104001F0C6
:101ED00067BD000000000000704700000000000027
:101EE00010B582B001AC204600F0DAF800208DF881
:101EF000070040F20310ADF804001920214600F05D
:101F0000FFF81820214600F0FBF81920002100F00E
:101F10009BF91820002100F097F91920002100F00A
:101F2000E3F91820002100F0DFF91920002100F06A
:101F300023FA1820002100F01FFA02B010BD0000A3
:101F400040F62010C2F20000D0F8B80000470000B0
:101F500040F62010C2F20000D0F8BC00004700009C
:101F600040F62010C2F20000D0F8C0000047000088
:101F700040F62010C2F20000D0F8C4000047000074
:101F800040F62010C2F20000D0F8C8000047000060
:101F900040F62010C2F20000D0F8E4000047000034
:101FA00040F62010C2F20000D0F80C0100470000FB
:101FB00040F62010C2F20000D0F8100100470000E7
:101FC00040F62010C2F20000D0F8140100470000D3
:101FD00040F62010C2F20000D0F8180100470000BF
:101FE00040F62010C2F20000D0F81C0100470000AB
:101FF00040F62010C2F20000D0F820010047000097
:1020000040F62010C2F20000D0F8E80000470000BF
:1020100040F62010C2F20000D0F8EC0000470000AB
:1020200040F62010C2F20000D0F8F0000047000097
:1020300040F62010C2F20000D0F8F4000047000083
:1020400040F62010C2F20000D0F8F800004700006F
:1020500040F62010C2F20000D0F8FC00004700005B
:1020600040F62010C2F20000D0F800010047000046
:1020700040F62010C2F20000D0F804010047000032
:1020800040F62010C2F20000D0F80801004700001E
:1020900040F62010C2F20000D0F8CC00004700004B
:1020A00010B5044620B14FF00120206010BD00BFE4
:1020B00049F29B103621C0F6000006F019F84FF0E7
:1020C0000120206010BD000010B50446602806D332
:1020D00049F29B10E221C0F6000006F009F84FF427
:1020E000704046F2000100EA0420C4F2200104F02E
:1020F0000F024058D04000F0010010BD0000000069
:10210000B0B584B005460C46602D4FF0000003903A
:10211000029001901CD22078042823D2E078022873
:102120002AD26078032831D2A078022806D349F257
:102130009B105621C0F6000005F0DAFF2809029036
:10214000029878B30298C0EBC00080002BE000BF7B
:1021500049F29B105221C0F6000005F0C9FF20781B
:102160000428DBD349F29B105321C0F6000005F090
:10217000BFFFE0780228D4D349F29B105421C0F667
:10218000000005F0B5FF60780328CDD349F29B101D
:102190005521C0F6000005F0ABFFA0780228C6D29A
:1021A000CCE700BF002001904FF21402029905F025
:1021B0000F0005294FF00101C4F2400202D0019B3B
:1021C0001A44183203928140E278012A04D1039A1A
:1021D00013680B4303E000BF039A13688B4313603B
:1021E000039A04320392A278012A03D1039A136856
:1021F0000B4302E0039A13688B431360039A043283
:1022000003926278012A07D0022A09D1039A13683F
:10221000194311600DE000BF039A5368194307E0AA
:10222000039A13688B431360039A536823EA0101EE
:10223000516003994300083103912178039A0020EB
:102240009940116004B0B0BDB0B584B005460C46ED
:10225000602D4FF0000003900290019006D349F2E8
:102260009B109D21C0F6000005F042FF0F2C06D305
:1022700049F29B109E21C0F6000005F039FF2809A5
:1022800002900298C0EBC0008000019002980528DF
:102290004FF22800C4F2400002D0019908441830DF
:1022A000039005F00F0002906FF0030102980F22D7
:1022B00001EA500003990844039002981C2101EAA6
:1022C0008000029003980068029902FA01F120EA66
:1022D00001010298039A04FA00F3002019431160E7
:1022E00004B0B0BD00000000B0B5044660280D4643
:1022F00006D349F29B10C321C0F6000005F0F8FE9A
:102300001420002D04F0F00146F2000508BF102053
:10231000C4F2200504F00F0240EA0121012300204D
:1023200003FA02F24A51B0BDB0B54FF4704146F223
:10233000000201EA0021C4F2200200F00F0360282D
:102340004FF0010001EB020400FA03F507D349F254
:102350009B1040F27A21C0F6000005F0C9FE6068CB
:10236000284260680CBF40EA050120EA0501002010
:102370006160B0BD00000000F0B581B00C464FF4C4
:10238000704146F2000201EA0021C4F220026028F6
:1023900001EB020500F00F064FF0010706D349F2EA
:1023A0009B10F821C0F6000005F0A2FE012C07FAF0
:1023B00006F005D1696808436860002001B0F0BDEF
:1023C000696821EA00006860002001B0F0BD0000EB
:1023D00004F08AF940F2CC540025C2F20004C4F2A1
:1023E000500501E005F0C0FAD4F8200104F068FCC3
:1023F00006460E21284604F0F7FB16F00C0F04D019
:10240000204604F075FD05F0AFFAB00702D520466E
:1024100004F05EFE7007E7D5D4F8200104F094FCC8
:102420000146204604F074FD00880228DAD0012815
:10243000DAD105F091FAD7E740F62010C2F2000099
:10244000D0F884000047000040F62010C2F20000DF
:10245000D0F8880000470000FEE700000000000000
:1024600010B5D0E9010403F003FA206110BD0000AB
:102470000068012103F09CBAD0B3017E012918BF86
:10248000704710B5017B012918D003290ED002290D
:102490002AD1D0E901210023044681F8243000210B
:1024A000104603F021FAB4F9101013E081680122FC
:1024B00081F82420D0F812200A6112E0D0E901212D
:1024C0000023044681F824300121104603F00CFA61
:1024D000B4F90E10E28A606803F06EF901462046F6
:1024E00011B1022101E000BF03210176BDE81040D7
:1024F000704700000000000001230373C18140F217
:102500000111C282018370470223037301820121FA
:10251000C282018370470000006803F0F1B9000037
:1025200080B5406803F0BCF9BDE8804002F018BAFD
:10253000407E70470000000080680068704700001F
:102540008068406870470000017B03290AD0022997
:1025500004D0012910D1B0F90E1005E0B0F9101027
:1025600002E000BFB0F912104FF0FF30B1F1FF3FB1
:10257000C8BF012000B27047012000B270470000C0
:102580008068C0687047000080680069704700007C
:10259000017B012902D1C08900B27047002000B23E
:1025A0007047000000000000406803F069B90000B7
:1025B000006803F0E1B900008068B0F91E007047C0
:1025C0008068D0F81A0070478068D0F8160070470D
:1025D00080E80E0000210173C0F80E10C182017660
:1025E0007047000000000000032202734182090CC2
:1025F0008182012101837047806841828182704716
:1026000010B504460068032103F0D2F9002808BF82
:1026100010BD0121217610BD0068072103F0C8B963
:10262000406803F069B9000046F634420114CFF661
:10263000FF7251434BF21A62CFF6FF7212FB001188
:1026400080B221F3CF32C913120411F5004FDCBF61
:102650000022C8F201021044704700000000000090
:1026600010B50446084600F033F8211410FB04F2BC
:10267000031403FB112110FB14F210FB2420CA13D6
:1026800021F3CF3120F3CF3389B2C0131B0410F5EF
:10269000004FDCBF0023C8F2010312F5004FD8BF82
:1026A00048F20101581810BD10B50446084600F064
:1026B0000FF822B210FB04F110FB3411031410FBCD
:1026C00014F003FB12004000C0EAE13010BD00002E
:1026D00081B20222C0F3871082EA9131DFE801F073
:1026E000022E122048F63C6280F0FF01C0F6000284
:1026F00032F8100032F8111040424942C1EA00405D
:10270000704700BF48F63C6280F0FF01C0F600024F
:1027100032F8100032F81110C1EA0040704700BFD3
:1027200048F63C6280F0FF01C0F6000232F810303B
:1027300032F811005942C1EA0040704748F63C6245
:1027400080F0FF01C0F6000232F8113032F81010AC
:102750005842C1EA00407047F0B581B006461C46B9
:1027600015460898DDE90672C6E9300242F2A97002
:1027700043F2091242F2B1733163C0F60000C0F6B1
:102780000002C0F60003009008463146FFF750FBF8
:10279000C6E90D54F763304601B0BDE8F04000F0E3
:1027A000B7BC00000000000000F0B2BC0000000058
:1027B0002DE9F0418CB01E4615460F46804648096B
:1027C0004FF000018DF82F1010D0441E40462246D5
:1027D00005F0E6F8002800F0B780D8F8C40007F04C
:1027E0001F0718B10021224605F0DAF8122F00F277
:1027F000A782DFE817F0AC001300D101D300A502D7
:10280000A502ED0079028502AF02A702B7000D0113
:10281000E100A502A502A502A502AC0029780520C9
:102820008DF80A00882900F23B83DFE811F01503D8
:1028300039033903070339038900890089008900B6
:102840008900890089008900890089008900C30204
:10285000C30239033903890089008900890089008E
:1028600039033903390331032703390339033903A2
:102870003903390339033903390339033903390378
:102880003903390339033903390339033903390368
:102890003903390339033903390339033903390358
:1028A0003903390339033903390339033903390348
:1028B00089003903390339033903C302C302C30250
:1028C00039033903390339033903390389003903DB
:1028D000390339038900890089008900890089004A
:1028E00089003903C3023903390339033903390332
:1028F0008900390339038900890039033903390311
:1029000039033903390339033903390339033903E7
:102910003903390339030703C302C302C302C302E5
:10292000C302390339033903C302C302390339032C
:1029300039033903390339033903890089008900D0
:10294000B5F8012038E200BF0B208DF80A00D8E965
:102950000C070DF10A02FF210123B8470CB0BDE8B6
:10296000F08100BF40F6FC040C20C2F200048DF898
:102970000A0003A8214603958DF8106004F080FC3E
:1029800000288DF82F00E2D023792268D8E90C07BF
:10299000F021B8470CB0BDE8F08100BF29780720CE
:1029A0008DF80A00404604F0F3FB00288DF82F0054
:1029B000CDD000F09DBB00BFAA88B5F900104046FD
:1029C00004F04AFC00288DF82F00C0D000F090BB26
:1029D000D8F8C00000218DF82B10CDF82710CDF8C5
:1029E0002310CDF81F10CDF81B10CDF81710CDF81F
:1029F0001310CDF80F100278092A00F066838DF8C5
:102A00000F204178092940F0E181012100F05DBBF0
:102A1000D8F8C0000278002A00F0B68141788DF81D
:102A20000C20002900F0DA8182788DF80D10002A40
:102A300000F0D681C1788DF80E20002900F0F281D7
:102A400002798DF80F10002A00F0F68141798DF897
:102A50001020002900F0F48182798DF81110002AED
:102A600000F0F881C1798DF81220002900F022824F
:102A7000027A8DF81310002A00F03E82417A8DF818
:102A80001420002900F04282827A8DF81510002A65
:102A900000F04682C17A8DF81620002900F04282AB
:102AA000027B8DF81710002A00F04682417B8DF8DA
:102AB0001820002900F04A82827B8DF81910002A24
:102AC00000F04682C17B8DF81A20002900F04A826E
:102AD000027C8DF81B10002A00F04E82417C8DF89C
:102AE0001C20002900F04A82827C8DF81D10002AEB
:102AF00000F04E82C17C8DF81E20002900F0528229
:102B0000027D8DF81F10002A00F04E82417D8DF865
:102B10002020002900F05282827D8DF82110002AA9
:102B200000F05682C17D8DF82220002900F05A82E3
:102B3000027E8DF82310002A00F05682417E8DF827
:102B40002420002900F05A82827E8DF82510002A68
:102B500000F05E82C17E8DF82620002900F05A82A6
:102B6000027F8DF82710002A00F05E82417F8DF8E9
:102B70002820002900F06282827F8DF82910002A27
:102B800000F05E82C07F8DF82A20002800F062826B
:102B90008DF82B00A3E200BF297803208DF80A00EE
:102BA00088293FF6D4AEDFE811F02501F1002501B8
:102BB0002501F1008B008B008B008B008B008B00BC
:102BC0008B008B008B008B008B008B008B008B00AD
:102BD0008B008B008B008B008B008B008B008B009D
:102BE0008B0087019301F1008B008B008B00250186
:102BF000890089008900890089008900890089008D
:102C0000890089008900890089008900890089007C
:102C1000890089008900890089008900890089006C
:102C20008900890089008900890089008B0089005A
:102C3000890089008900F100F100F1008B008B0010
:102C40008B008B002501F1008B008B008B008B002B
:102C50008B008B008B008B008B008B008B00250181
:102C6000F10089008B008B008B008B008B008900AA
:102C700089008B008B0025012501F100F100F10096
:102C8000F100F10025018B008B00F10089008B0021
:102C90008B002501F100F100F100F100F100F100DD
:102CA000F100F100F100F100F1002501890025019A
:102CB000F100F100F1008B008B008B0047E600BFB4
:102CC0000DF12F02404604F0DFFA9DF82F1003901B
:102CD000002900F0A380D8E90C0703AAF021022301
:102CE000B8470CB0BDE8F081AA882968404604F0D6
:102CF0009FFA00288DF82F003FF429AEF8E100BFBD
:102D000029780DF10A0202AB0DF106000090404651
:102D100004F0C6FDBDF9080003AAF021082300EB6A
:102D2000400040000390BDF80600ADF81000BDF86B
:102D30000A00ADF81200D8E90C07B84707E600BF53
:102D4000012002E6B5F900104046B5F9022004F072
:102D500013FECAE1D5F801004AF6AB21C2F6AA215A
:102D6000B5F8072050FB01F02978B5F905700097F8
:102D700000EBD07003B2404604F082FF00288DF8CB
:102D80002F003FF4E4ADB3E1002164E10DF12F0227
:102D9000404604F079FA9DF82F10039000293DD0A9
:102DA000D8E90C0703AAF0210423B8470CB0BDE80A
:102DB000F08100BFD5F80120404604F0F1FD002865
:102DC0008DF82F0040F09481C1E500BF8DF8101000
:102DD0008178092906D1022177E100BF01213AE17A
:102DE000022138E18DF81110C17809291CD1032185
:102DF0006BE100BF0DF12F02404604F045FA9DF84B
:102E00002F100390002909D0D8E90C0703AAF0215C
:102E10000123B8470CB0BDE8F08100BF3FF497AD87
:102E200066E100BF032116E18DF81210017909292E
:102E300008D1042149E100BF04210CE16A78BBE715
:102E4000052108E18DF81310417909292AD10521BE
:102E50003BE100BF0621FEE06C78D8F8C4000021F9
:102E6000224604F09DFD00214046224604F098FDD4
:102E700000288DF82F0040F03B8168E56A78D8F88B
:102E8000C4000121012404F083FD8DF82F402FE1BF
:102E90006A78D8F8C400002104F07AFD25E100BF6B
:102EA000022052E58DF814108179092926D10621D6
:102EB0000BE100BF0721CEE0D8F8C40000283FF4A2
:102EC00046AD002104F0D4F98DF80C009CE700BF5A
:102ED000D8F8C40000283FF43AAD0121012404F0E1
:102EE000C7F98DF80C0003AAD8E90C07F0210123DB
:102EF000B8478DF82F40FBE00821ACE08DF81510A5
:102F0000C179092904D10721DFE000BF0921A2E02E
:102F10008DF81610017A092906D10821D5E000BFE5
:102F20000A2198E00B2196E08DF81710417A0929C3
:102F300004D10921C9E000BF0C218CE08DF81810E4
:102F4000817A092906D10A21BFE000BF0D2182E064
:102F50000E2180E08DF81910C17A092904D10B21C6
:102F6000B3E000BF0F2176E08DF81A10017B09292C
:102F700006D10C21A9E000BF10216CE011216AE00C
:102F80008DF81B10417B092904D10D219DE000BF64
:102F9000122160E08DF81C10817B092906D10E21D9
:102FA00093E000BF132156E0142154E08DF81D106A
:102FB000C17B092904D10F2187E000BF15214AE018
:102FC0008DF81E10017C092904D110217DE000BF7D
:102FD000162140E08DF81F10417C092906D11121EE
:102FE00073E000BF172136E0182134E08DF820107F
:102FF000817C092904D1122167E000BF19212AE050
:103000008DF82110C17C092906D113215DE000BF94
:103010001A2120E01B211EE08DF82210017D0929D4
:1030200004D1142151E000BF1C2114E08DF82310BD
:10303000417D092906D1152147E000BF1D210AE085
:103040001E2108E08DF82410817D09290AD116215E
:103050003BE000BF1F2103A80844C1F12001FDF798
:1030600049F93CE08DF82510C17D092902D11721CD
:103070002BE000BF8DF82610017E092902D118210E
:1030800023E000BF8DF82710417E092902D11921C4
:103090001BE000BF8DF82810817E092902D11A217A
:1030A00013E000BF8DF82910C17E092902D11B2130
:1030B0000BE000BF8DF82A10017F092902D11C21E5
:1030C00003E000BF8DF82B101D21084441798DF8D5
:1030D0000C10C1798DF80D10407A8DF80E00D8E9EA
:1030E0000C0703AAF0212023B84701208DF82F00F8
:1030F000D8E90C07F02100220023B8470CB0BDE846
:10310000F08100000000000000F002B800000000A4
:1031100010B50446006BE16B8847206B8022A16BE1
:1031200084F8C820BDE810400847000000000000F7
:1031300040F29070C2F200000068FFF7F1B90000A1
:1031400040F290720B46C2F200020146126810462D
:103150001A46FFF7D1B9000040F21070C2F2000029
:103160000078002808BF704780B500F009F803F028
:10317000BFFCBDE8804004F0C7BB000000000000B9
:1031800010B540F21074C2F200042078012810D16A
:10319000608878B1608801386080A08810B1A0880C
:1031A0000138A080E088002808BF10BDE088013801
:1031B000E08010BD03F05CFB01206080A088002847
:1031C000EDD1EFE70000000040F29070C2F2000085
:1031D0000068FFF715BA000040F29070C2F20000DC
:1031E0000068FFF719BA00002DE9F04F83B040F2F4
:1031F00010788246C2F20008029108F13405284690
:1032000002F0CEFB40F2902040F20801C2F2000032
:103210004FF0000988F80090C2F20001C8E90210DE
:1032200000F06AFD40F25014C2F20004204600F0A3
:103230003BFA40F2D83B40F20050C2F2000BC2F21F
:103240000000C8E90440584602F0B2FFD8E9041073
:103250005A4602F031FB40F29054C2F2000420467C
:1032600004F09EFE40F24C3040F2C433D8F80C20FB
:10327000C2F20000D8F81410C2F2000300922246F5
:1032800001F01AFA40F22416C2F20006304600F0AD
:103290000BFA40F2F807C2F20007384600F004FAD1
:1032A00040F22430C8F81860C2F20000C8E9077084
:1032B00001F0E2FA40F27C1040F23857C2F200000E
:1032C000C2F20007C8F82400D8F8201008F1580608
:1032D000C0E94361384600F09BF940F20C30C2F27D
:1032E0000000C8E90A7001F033F90020FEF7CCFDB8
:1032F000D8F81400012788F87C7002F0B9FAC8F8F1
:103300006800D8F8140002F0B3FA000CA8F86C00BA
:1033100008F13C00D8F8142029463346C8F830009C
:10332000FFF756F9D8F81400D8F8306002F0B0FA78
:10333000014600223046FFF7DFF8D8F83000CAF81F
:10334000000040F6A800D8F81010C2F2000001609A
:10335000D8F818104160D8F81C108160D8F80C100B
:10336000016140F24C31C2F200010462C0E9051B68
:10337000D8F81410C0F80C90C0E90915D8F8281036
:10338000C162D8F820100163D8F82410C0F81C904E
:10339000C0E90F190299C0E90D99C0E91199C0E976
:1033A0001399086088F8007003B0BDE8F08F000042
:1033B00040F62010C2F20000D0F85801004700008B
:1033C00070B5B0F800218C4600F1200E20F81210E4
:1033D000B0F80011A0F802114A1C93B27F2B6FF0D5
:1033E000FF0388BF0022A0F8002100220EEB03019A
:1033F0004033B1F9E040B1F9E250B1F9E460224460
:10340000B1F9E6402A44B1F9E85032442244B1F916
:10341000EA402A44B1F9EC502244B1F9EE402A4482
:10342000B1F9F0502244B1F9F2402A44B1F9F45014
:103430002244B1F9F6402A44B1F9F8502244B1F9D6
:10344000FA402A44B1F9FC502244B1F9FE402A4422
:10345000B1F900512244B1F902412A44B1F90451B1
:103460002244B1F906412A44B1F908512244B1F984
:103470000A412A44B1F90C512244B1F90E412A44BF
:10348000B1F910512244B1F912412A44B1F9145151
:103490002244B1F916412A44B1F918512244B1F934
:1034A0001A412A44B1F91C512244B1F91E112A448F
:1034B0000A449BD1D11702EB5161C909A0F804114C
:1034C000604670BD0000000080B54FF48271FCF7CB
:1034D00011FF80BD00000000B0F90401704700003A
:1034E00040F62010C2F20000D0F8B40000470000FF
:1034F00040F2345044F6D351C2F20000C1F26201EE
:103500000068A0FB01014FF0FF3000EBD11100205B
:10351000B0EB116F0DD14EF21002F023CEF200028B
:1035200051604EF62351CEF200010B7090600720DF
:103530001060B0B582B040F29074C2F20004251D54
:1035400020462946FFF750FE49F25C0240F208701F
:10355000C0F60002C2F200000121009222462B4672
:1035600004F0AAFB02B0B0BD4EF60C504FF6FF02BD
:10357000CEF200000168114041F0806141F0FD7120
:1035800001604EF20F400021CEF2000080F867107B
:1035900080F83E10202101707047000000000000FC
:1035A00010B50446007818B10020E08210BD00BFBD
:1035B00094F8260000F0A0FE4FF6FF71884207D075
:1035C000218B228A4B1E03FB0200B0FBF1F020820C
:1035D000204600F035F8E08210BD00000000000039
:1035E0000021018270470000017819B1808A00B281
:1035F000704700BF018AB0F91E30026A808C891AB8
:103600005943CA1701EB124100EB114000B2704759
:10361000017829B10021C182418A0182704700BF2F
:1036200010B5011D0446084600F0B6FE84F82600D9
:103630002046BDE81040FFF7D3BF000000000000A7
:10364000018A428B914201D908207047828B9142B6
:1036500002D20020704700BFC08A704700000000FF
:1036600040F62010C2F20000D0F830010047000000
:1036700040F62010C2F20000D0F8480100470000D8
:10368000B0F9220070470000B0F906007047000052
:10369000408B704700000000B0F904007047000044
:1036A000008B704700000000028C016842840022F9
:1036B0008262C0E90112704781607047000000001B
:1036C0004184704700000000C18070470000000086
:1036D000818070470000000070B5B0F90430B0F987
:1036E0000620B0F914C001FB03FEB0F91640BAB1D0
:1036F00001FB02F5D0E9026301FB026201213540C2
:10370000C8F20001B5F1FF3FC8BF1146002A48BF0B
:103710001146994205DC03699942C8BF0B4600E097
:103720000023818BC28B4EFA01F143FA02F211445D
:103730008C4505DA1FFA8CF4ACEB010206E000BF01
:10374000621AD8BF0022A142C8BF0C4621B21A4457
:103750008260084670BD000070B50446D0F80C01C8
:103760000022C168D4F80851D0F8160020FB0120CF
:10377000C11700EB1141D4F810010E1404F050FBF6
:10378000684348F2B511C1F64E3150FB01F081118A
:1037900001EBD07046F267617043C6F2666100EBE0
:1037A0004000400050FB01F0811401EBD071204635
:1037B000BDE87040FFF704BEC16908470000000083
:1037C00010B501290ED0A9B9044600F0E9F8B4F803
:1037D00054102046A4F8461000291CBF002010BD3C
:1037E0000AE000BFB0F8461041B10139A0F8461018
:1037F0000A0401D0002010BD01698847012010BDD6
:10380000426810470000000070B5B0F852500A142A
:1038100009B2036B6A434FF0000C03FB01F4A4EB05
:103820004204ACEB420203FB112304EBD47114F10C
:10383000020F4FEA610C03EBD3714FEA610E4FEABE
:1038400095011BDC13F1020F2EDCACEB0E024FF0E6
:10385000040CD51780F83CC002EB9532654201EBB1
:10386000A2415A4201EB954CA0F83EC0A0F840108E
:10387000A1EB924EA0F842E041E000BFB3F1FF3F60
:103880002ADBACEB0E02D31702EB9332012380F854
:103890003C3001EBA241A0F8401001EB5E4EA0F8D5
:1038A0003EE0A1EB5C4C28E0002A51DDACEB0203CA
:1038B000DD1703EB95336542022480F83C4001EBB1
:1038C000A341A0F8421001EB954CA0F840C00CEBCE
:1038D000524EA0F83EE012E0002A4FDDA2EB0E04AB
:1038E0005B42002580F83C5001EB9441C187A1EB7D
:1038F000934EA0F840E0AEEB524CA0F842C0B0F8B6
:1039000050208186A0F836E0012AA0F838C01BD1EB
:10391000B0F85620B0F94A505342002D1C46B0F979
:103920004C50C8BF1446B0F94E60002D21441C46CF
:10393000C8BF1446002E8186C8BF13460EEB040193
:10394000C1860CEB030101878169BDE8704008471F
:10395000A2EB0E035242DD1703EB9533032580F8EB
:103960003C5001EBA341A0F8421001EB5E4EA0F8E1
:1039700040E00EEB524CA0F83EC0C0E7ACEB0203B7
:103980005242052580F83C5001EB9341C187A1EBE1
:103990005C4CA0F840C0ACEB524EA0F842E0AEE761
:1039A000816808470000000010B546F200040121BC
:1039B000C4F20004204601F03BFA012818BF10BDF4
:1039C0000121204601F09CF940F29020C2F2000053
:1039D000BDE8104000F010BC2DE9F04381B0044672
:1039E000806F0025D0F808802046C4E91755656629
:1039F00000F08EFB40200021022201F081F880209F
:103A00000021022201F07CF810200021022201F0A6
:103A100077F840200121022201F072F88020012174
:103A2000022201F06DF810200121022201F068F855
:103A300043F669404FF00309C0F60000606043F6AA
:103A4000E970A4F87290C0F60000A061204604F16D
:103A5000730684F83C9000F093FBA06F04F13A07E2
:103A60003946334690F8B620404605F001F8204626
:103A700000F04EFB43F6B940A4F87250C0F60000C7
:103A80006060204684F83C5000F07AFBA06F394615
:103A9000334690F8B620404604F0EAFF204600F096
:103AA00037FB43F63930B4F8701046F20005C0F623
:103AB0000000606044F26100C4F20005C0F600003E
:103AC000A0614A080021284601F0AAFDB4F8700060
:103AD0000021420805F5805001F0A2FDB4F8700005
:103AE000002142084FF0402001F09AFD40200021C3
:103AF000002284F83C9001F003F88020002100228D
:103B000000F0FEFF10200021002200F0F9FF40200D
:103B10000121002200F0F4FF80200121002200F0AA
:103B2000EFFF10200121002201B0BDE8F04300F0BA
:103B3000E7BF000000000000B0B590F83C20836FA4
:103B4000052A03EB8203D3F81CC05B6BDCF800E0B2
:103B5000D3F800C074D801234FEA0C1C03FA02F218
:103B60004FEA0E1312F0060F22D112F0180F3BD0BD
:103B70009AB248F2010ED0E917349B1A47F6FF7249
:103B80009342CFF6FF7EB8BF1A461FFA8CF37245F8
:103B9000A4EB0303D8BF724613F5004F0A8042DD41
:103BA000B3F5004FA8BF47F6FF734B8053E000BF4B
:103BB0009AB2C36D9A1A47F6FF739A4248F2010E01
:103BC000A8BF1A461FFA8CF5CFF6FF7E7245D8BF04
:103BD0007246446E14440A80A5EB040CBCF5004FF9
:103BE0001EDB4B8037E000BF9AB248F2010ED0E9ED
:103BF00018359B1A47F6FF729342CFF6FF7EA8BF97
:103C000013461FFA8CF47345D8BF73461D444B808E
:103C1000A4EB050CBCF5004F0ADB0A801BE000BFDB
:103C20001CF5004F10DC48F20103A1F802E012E09D
:103C30001CF5004F0CDC48F20102A1F800E00AE09C
:103C40000A884B8807E000BF6346A1F802C002E083
:103C5000A1F800C06246D118A0F84A20A0F84C3064
:103C60004942A0F84E10B0BD70B5054641F20000C3
:103C70000C46C4F2000000214422002601F014F892
:103C800095F873000F2813D895F872100130AA6FB9
:103C900002EB8101CA69496B1268EB6D13FA82F27B
:103CA000EA6509682A6E85F8730012FA81F12966BF
:103CB000266070BD0000000070B5054641F20000AE
:103CC0000C46C4F2000000214422002600F0ECFF64
:103CD00095F873000F280DD895F872100130AA6F6F
:103CE00002EB8101496B09686A6E85F8730012FA6C
:103CF00081F16966266070BD0021A0F85010704700
:103D000090F8741001294FF0000102D180F874106E
:103D1000402108467047000070B5044690F84900FD
:103D2000012818BF70BD402000210022002500F0AE
:103D3000E7FEA06F90F8B700012802D0022805D155
:103D40000225402001212A4600F0DAFEB4F8700076
:103D500046F20005C4F2000500214208284600266C
:103D600001F05EFC80200021002200F0C9FEA06F5F
:103D700090F8B700012802D0022805D10226802041
:103D80000121324600F0BCFEB4F870000021420868
:103D900005F58050002501F043FC10200021002291
:103DA00000F0AEFEA06F90F8B700012802D0022804
:103DB00005D10225102001212A4600F0A1FEB4F809
:103DC00070000021002542084FF0402001F028FC3F
:103DD00044F2A92043F63931C0F60000C0F60001D4
:103DE000606144F21110616044F28111C0F600007C
:103DF000C0F60001C4E9020184F8495070BD00001A
:103E000070B5044690F8490048BB402000210022CC
:103E1000002500F075FE402001210222022600F05C
:103E20006FFE46F200000021C4F20000002201F003
:103E3000F7FBA06F90F8B700012803D002280BD140
:103E40000225002680200021324600F059FE802005
:103E500001212A4600F054FE102000F021FE43F616
:103E6000B17043F6D961C0F60000C0F60001606190
:103E700044F21110616043F63171C0F60000C0F6E3
:103E80000001C4E90201012084F8490070BD00006E
:103E9000B0B50446B0F87000002548430021020C7C
:103EA00046F20000C4F20000A28601F0B9FB032034
:103EB00084F83C004CF21000C4F200000068618FEE
:103EC000012903D101206587B0BD00BFC0F34000C8
:103ED000B0BD000000000000B0B5054641F2000092
:103EE0000C46C4F200000021442200F0DDFE95F8EB
:103EF0003C00A96F4FF6F072C0F20F0201EB800098
:103F0000296E406B006802EA0010081A47F6FF713C
:103F10008842B8BF014648F20100CFF6FF708142E7
:103F2000D8BF014621806180B0BD000000000000C4
:103F300070B50546806F01218468204600F0E0FEE0
:103F40000121204600F074FF0028F9D0012120460D
:103F500000F0D6FE41F200060021C4F20006012264
:103F600006F5A04001F05CFBB5F870000021421F8F
:103F7000304601F055FB00BF0121204600F058FFFC
:103F80000028F9D00121204600F0BAFE40F6FF706B
:103F900000F09EFD0121204600F0B2FE01212046E6
:103FA00000F0F6FE01212046BDE8704000F018BF89
:103FB00010B5806F002100228468204601F030FB9C
:103FC0000121204600F09CFE0121204600F030FF38
:103FD0000028F9D00121204600F092FE40F6FF7043
:103FE000BDE8104000F074BD70B50446042041F2F5
:103FF000104544F6F031E06694F8720084F83C0015
:10400000B4F87000C4F20005A28E461F68180021A3
:1040100001F006FBE28E45F6F0302844002101F065
:10402000FFFA228F4FF04020002101F0F9FAB2B2DE
:10403000A5F58260002101F0F3FA2868400703D457
:104040002868C0F3801000E00120618F012918BFAB
:1040500070BD00206087012070BD000000000000DE
:1040600070B50446C18FB0F87000A26F461AB6B2A0
:10407000B2F8AE309E4205D9032184F83C10451FAA
:1040800015E000BFB4F840504D1BADB2B5EB460F84
:1040900004D9B2F8B0000D1A09E000BF5D18A9B24A
:1040A000814204D3EA43402102EB4005E16641F23C
:1040B0001046A28EC4F2000644F6F03030440021CF
:1040C00001F0AEFAE28E45F6F0303044002101F006
:1040D000A7FA228F4FF04020002101F0A1FAAAB2E6
:1040E000A6F58260002101F09BFA3068400703D4F6
:1040F0003068C0F3801000E00120618F012918BFF3
:1041000070BD00206087012070BD0000000000002D
:10411000B0B50446022000F0C3FC41F200050020C7
:10412000C4F2000584F8440005F5A04000210022F7
:1041300001F076FA05F5C0400021002201F070FA86
:104140004FF040200021002201F06AFAB4F870001C
:104150000021421F284601F063FA4FF08040012100
:1041600000F0CEFD4FF08040012100F061FE0028FC
:10417000F8D0D020BDE8B04000F092BC00000000B4
:1041800070B50546806F41F20006B5F87010C4F2B4
:1041900000068468002085F844004A0806F5A0401F
:1041A000002101F03DFAB5F870000021420806F543
:1041B000C04001F035FAB5F87000002142084FF018
:1041C000402001F02DFAB5F870000021421F304662
:1041D00001F026FAD02000F07BFC022000F078FCF1
:1041E0000121204600F08CFD0121204600F020FE38
:1041F0000028F9D070BD0000F0B581B00446806F92
:104200000121D0E900751920FEF7B6F841F2000649
:104210000021C4F200064422304600F045FD07218B
:104220003846FCF769F907212846FCF765F994F848
:104230003C00A16F01EB8000B0F87C10B0F84C207E
:104240003846FCF72DFD94F83C00A16F01EB80008F
:10425000B0F89410B0F864202846FCF721FD94F8DB
:104260003C00A16F01EB8000B0F87C103846FCF7F1
:1042700077F994F83C00A16F01EB8000B0F894103E
:104280002846FCF76DF9E26E0021304601F09CF9FA
:104290000420E06619200021FEF76EF804F14800C2
:1042A00001B0F0BD0000000010B546F2000401218D
:1042B000C4F2000480F8441000210022204601F0DE
:1042C000AFF904F580500021002201F0A9F94FF068
:1042D00040200021002201F0A3F9D02000F0F8FBDB
:1042E0004FF08040012100F00BFD4FF08040012194
:1042F000BDE8104000F09CBD10B540F29871C2F2CC
:10430000000101EB8004606801790068FCF780F827
:10431000606881880068FCF71FFA0028F8D06068A0
:1043200081880068FCF790F9000180B210BD0000A0
:10433000B0B540F29874C2F200042078012818BF8A
:10434000B0BD607804EB8005686801790068FCF70F
:104350005FF800BF686881880068FCF7FDF90028F5
:10436000F8D0686881880068FCF76EF9657800010C
:1043700002222270608004EBC50151F8143F3BB16A
:104380004A6881B2002020702846BDE8B040184736
:10439000B0BD000000000000B0B540F2987CC2F251
:1043A000000CDCF80430002B1A4618BF4FF0FF3227
:1043B00007D099888488A14203D119680468A14272
:1043C00046D01C46002B18BF0124DCF808E0BEFADA
:1043D0008EF149090C4018BF0122BEF1000F09D02F
:1043E000BEF804108588A94204D1DEF800100568E3
:1043F000A94233D0002B18BF0123DCF80C105C401D
:10440000134618BF0223002918BF134607D08A8815
:104410008588AA4203D109680268914236D0D9B290
:104420001A460429DCF8101088BF0322002918BF9F
:104430001A4614D08B888588AB4210D1096803686E
:10444000994208BF0322D4B2032C0BD91CE000BF51
:104450000022D4B2032C05D916E000BF0122D4B249
:10446000032C11D80CEB840100230CEBC40205468D
:10447000486081885361036804221846FCF700F8FD
:10448000A9882868FCF76CF82046B0BD0222D4B297
:10449000032CE7D9F8E70000D0E90221022903D371
:1044A000036901391A4405E0012904D141684269D0
:1044B0004A430021C1604169826092FBF1F10846E4
:1044C00070470000000000002DE9F0470E4604464A
:1044D00062B3A0686169924690FBF1F8A6EB080907
:1044E000484603F031FE0746404603F02DFE0546E0
:1044F000304603F029FE2168AF4238BF3D4601FB3C
:104500000AF144F6D352C1F26202854228BF054641
:10451000A1FB0201012005FB09F2666000EB91108E
:1045200005FB08F192FBF0F208E000BF304603F013
:104530000BFE054600FB06F100200022C4E9021034
:10454000012022616561BDE8F087000000000000E5
:104550000021C0E90111C0E9031101214161704747
:10456000C068B0FA80F04009704700000000000009
:104570002DE9F041D0E91A750446C1804FF00008DA
:1045800080F8558080F858800E46A0F85380284661
:1045900003F0F6FC0021384601F0A6F9608870436C
:1045A00001B2284603F044FD00210022384601F004
:1045B00003F9208AA289704301B2384601F0FCF861
:1045C000E089A289704301B2284603F0EDFCA0897E
:1045D000218884F85780484344F6D351C1F26201E0
:1045E000A0FB0101012000EB9110A0806069A06098
:1045F000BDE8F08100000000818829B10139818087
:104600000A041CBF01207047816859B310B58A881D
:10461000C38803FB02F4836E0A8821B2044618465D
:1046200001F0CAF8A168E288488802FB00F30A8812
:10463000E06E19B203F0B8FCA16822880888896886
:10464000A160504344F6D352C1F26202A0FB0202C1
:10465000012000EB9212A28094F85820511C84F89B
:10466000581010BD0020704790F8491090F858205D
:1046700000208A4228BF012070470000000000008F
:1046800090F848007047000001EB410100EB810009
:10469000808970470000000001EB410100EB8100C0
:1046A000B0F90E007047000001EB410100EB810002
:1046B000B0F910007047000080B5C0E91B234269C3
:1046C0004FF0000C816602994167A0F854C06AB1AE
:1046D00092687AB192688AB192680423002A4FF0F6
:1046E000050204BF032304220AE000BF01220023C5
:1046F00006E000BF0222012302E000BF03220223E2
:1047000003EB430301884CF6CD4E80F8482000EBC4
:10471000830301FB0EF1C3F814C0C90C80F85610D6
:1047200080BD00000000000001EB410100EB8100B2
:10473000828170470000000001EB410100EB810025
:10474000C28170470000000001EB410100EB8100D5
:104750000282704700000000F0B581B0044690F876
:104760002600FFF7C9FD4FF6FF71884238D094F854
:1047700025C0226A4FF0000E22F81C00238B1BB3C9
:1047800000260025002100BF32F8167045F0010612
:10479000F6B29E42394418D232F8167045F002063D
:1047A000F6B29E42394410D232F8167045F0030634
:1047B000F6B29E42394408D232F816700435EEB291
:1047C0009E423944E0D300E000215A1EA080B1FB94
:1047D000F3F1E1806245C8BF0CF1010E84F825E0D9
:1047E000204600F005F8208101B0F0BD0000000077
:1047F000C188428B914201D902207047808B0022F0
:10480000814238BF01229000704700000000000084
:10481000418B828B038B11444FEA510C0BB380B553
:10482000026A0323043222F804CC991EB0F818E07F
:10483000714514D222F802CC591EB0F818E0714527
:104840003EBFA2F800C0018B8B4208D2A2F802C082
:10485000591CB0F818E0043308327145E3D3BDE8C1
:104860008040A0F804C00021A0F806C080F8251000
:10487000704700000000000010B504460C30FFF740
:104880008BFD84F826002046BDE81040FFF7C0BF2E
:1048900040F62010C2F20000D0F87401004700007A
:1048A00040F62010C2F20000D0F878010047000066
:1048B00040F62010C2F20000D0F87C010047000052
:1048C00040F62010C2F20000D0F88C010047000032
:1048D00040F62010C2F20000D0F89001004700001E
:1048E00040F62010C2F20000D0F89401004700000A
:1048F00040F62010C2F20000D0F8980100470000F6
:1049000040F62010C2F20000D0F8A00100470000DD
:1049100040F62010C2F20000D0F8A40100470000C9
:1049200040F62010C2F20000D0F8A80100470000B5
:1049300040F62010C2F20000D0F8AC0100470000A1
:1049400040F62010C2F20000D0F8880100470000B5
:1049500040F62010C2F20000D0F89C010047000091
:10496000B0F90C0070470000B0F904007047000077
:10497000B0F9100070470000B0F90C10B0F9140045
:10498000C1EBC13191FBF0F000B2704700000000B4
:1049900070B50B88448A027819B290F803C025B22A
:1049A000164683EAE1336245A3EBE131838A1FFABD
:1049B00081FEC18A9BB284EAE5343CBF0026013205
:1049C00089B29E45A4EBE53388BF1646048B8E451D
:1049D00099B238BF1646A14288BF1646F1B2B1EB74
:1049E0000C0118BF01210670084670BD00000000D0
:1049F00040F62010C2F20000D0F88C000047000002
:104A000040F62010C2F20000D0F8900000470000ED
:104A100040F62010C2F20000D0F8940000470000D9
:104A200040F62010C2F20000D0F8980000470000C5
:104A300040F62010C2F20000D0F838010047000014
:104A400040F62010C2F20000D0F834010047000008
:104A500040F62010C2F20000D0F8400100470000EC
:104A600040F62010C2F20000D0F83C0100470000E0
:104A700010B54CF2001C01F00302C4F2000C6FF000
:104A8000060303EA41014FF01F0E5CF822400EFAC4
:104A900001F324EA0303884018434CF8220010BDB8
:104AA00010B50446013840F6FF71884206D349F23A
:104AB000E310D221C0F6000003F01AFB4CF2100004
:104AC000C4F200000168A143016010BD00000000B5
:104AD00010B50446013840F6FF71884206D349F20A
:104AE000E310B921C0F6000003F002FB4CF2100005
:104AF000C4F2000001682143016010BD0000000005
:104B000070B57F2800F32680431E3F2B00F23380D0
:104B1000DFE803F040403140313131403131313153
:104B20003131314031313131313131313131313166
:104B30003131314031313131313131313131313156
:104B40003131313131313131313131313131313155
:104B500031313140B0F5007F08DB18BFB0F5806F10
:104B600018D0B0F5006F15D005E000BF802811D037
:104B7000B0F5807F0ED049F2E3130C46C0F6000377
:104B800040F64C1105461846164603F0B1FA284681
:104B90002146324690FAA0F04FF47873B0FA80F0D4
:104BA000082803EB800303F47F7338BF83004CF2C3
:104BB0006000C4F2000000F1040003EB41013CBFBF
:104BC0004CF26000C4F20000032306688B4026EA22
:104BD000030302FA01F11943016070BD00000000F7
:104BE00070B57F2A00F32680531E3F2B00F23380DE
:104BF000DFE803F040403140313131403131313173
:104C00003131314031313131313131313131313185
:104C10003131314031313131313131313131313175
:104C20003131313131313131313131313131313174
:104C300031313140B2F5007F08DB18BFB2F5806F2B
:104C400018D0B2F5006F15D005E000BF802A11D052
:104C5000B2F5807F0ED049F2E3130C46C0F6000394
:104C600040F6965105461846164603F041FA32467C
:104C70002146284692FAA2F24CF27003B2FA82F26E
:104C8000C4F20003002953F8226026F01F0526F421
:104C9000F85646EA002608BF45EA000643F82260B7
:104CA00070BD00000000000070B5044600F14040F7
:104CB0004FEA303015460C280E4615D2B5F1807FEC
:104CC00007D349F2E31040F6F141C0F6000003F0CB
:104CD0000FFA4FF48460002E08BF4FF48260215811
:104CE000A943215070BD00BF0F28E7D049F2E3105F
:104CF0004FF44F61C0F6000003F0FAF9DEE7000060
:104D0000B0B5044600F140404FEA30300D460C2863
:104D100012D2681E43F6FF71884207D349F2E310AE
:104D200040F22751C0F6000003F0E2F9D4F88C04F9
:104D30002843C4F88C04B0BD0F28EAD049F2E31030
:104D400040F22651C0F6000003F0D2F9E1E700007E
:104D500000F140414FEA31310C2903D20021C0F863
:104D6000001270470F29F9D010B549F2E31240F64E
:104D70007531C0F600020446104603F0B9F920462A
:104D8000BDE810400021C0F800127047000000008C
:104D9000B0B5044600F140404FEA30300D460C28D3
:104DA00010D2B5F1807F07D349F2E3104FF4B2611E
:104DB000C0F6000003F09CF9D4F830042843C4F88E
:104DC0003004B0BD0F28ECD049F2E31040F28F510F
:104DD000C0F6000003F08CF9E3E7000000000000DB
:104DE000B0B5044600F140404FEA30300D460C2883
:104DF00012D2681E43F6FF71884207D349F2E310CE
:104E000040F29A41C0F6000003F072F9D4F8800431
:104E10002843C4F88004B0BD0F28EAD049F2E3105B
:104E200040F29941C0F6000003F062F9E1E70000AA
:104E3000B0B500F140424FEA32320C2A80F0428095
:104E40007F2900F327804A1E3F2A00F25180DFE8C5
:104E500002F05C5C4F5C4F4F4F5C4F4F4F4F4F4FDA
:104E60004F5C4F4F4F4F4F4F4F4F4F4F4F4F4F4F45
:104E70004F5C4F4F4F4F4F4F4F4F4F4F4F4F4F4F35
:104E80004F4F4F4F4F4F4F4F4F4F4F4F4F4F4F4F32
:104E90004F5C00BFB1F5806F0ADBB1F5805F23DAAC
:104EA000B1F5806F31D0B1F5006F2ED020E000BF9A
:104EB000802918BFB1F5807F27D0B1F5007F24D0BD
:104EC00016E000BF0F2A3FF4BBAF49F2E3120C46D5
:104ED000C0F6000240F245510546104603F008F9BD
:104EE00021462846ACE700BF0FD0B1F5005F0CD0DB
:104EF00049F2E3120C46C0F6000240F24651054664
:104F0000104603F0F5F821462846D0F894040840EE
:104F100018BF0120B0BD0000B0B5044600F140400C
:104F20004FEA30300D460C2880F0EE80A88DB0F5A9
:104F3000804F73D2E88DB0F5804F7BD2D5F8020058
:104F4000B0F5800F80F08480D5F80600B0F5800FB2
:104F500080F08C80D5F80A00B0F5800F80F0948046
:104F6000D5F80E00B0F5800F80F09C80A87C20283A
:104F700080F0A480E87C202880F0AC80287D202868
:104F800080F0B480687D202807D349F2E31040F216
:104F90004621C0F6000003F0ABF82878697841EAB2
:104FA00040002064D5F80200A97C41EA401060640A
:104FB000D5F80600E97C41EA4010A064D5F80A0063
:104FC000297D41EA4010E064D5F80E00697D41EA90
:104FD00040102065D5F81A006065D5F81E00A06560
:104FE000D5F82200E065D5F8260020664CF20001D5
:104FF000606ECFF6FE71AA8D95F82A3008401043F6
:1050000040EA03406066A06EEA8D95F82B300840B8
:10501000104340EA0340A066B0BD00BF49F2E31070
:1050200040F23D21C0F6000003F062F8E88DB0F5D3
:10503000804F83D349F2E31040F23E21C0F60000D6
:1050400003F056F8D5F80200B0F5800FFFF47CAFFE
:1050500049F2E31040F23F21C0F6000003F048F8A7
:10506000D5F80600B0F5800FFFF474AF49F2E310F5
:105070004FF41071C0F6000003F03AF8D5F80A00BA
:10508000B0F5800FFFF46CAF49F2E31040F241211C
:10509000C0F6000003F02CF8D5F80E00B0F5800F34
:1050A000FFF464AF49F2E31040F24221C0F6000081
:1050B00003F01EF8A87C2028FFF45CAF49F2E3104F
:1050C00040F24321C0F6000003F012F8E87C2028EB
:1050D000FFF454AF49F2E3104FF41171C0F6000031
:1050E00003F006F8287D2028FFF44CAF49F2E310C6
:1050F00040F24521C0F6000002F0FAFF687D20284A
:10510000BFF443AF49E700BF0F283FF40FAF49F2A8
:10511000E3104FF40F71C0F6000002F0E9FF05E75D
:10512000002181820161C160816041600160C0F83D
:105130001A10C0F81E10C0F82210C0F82610C0F8CF
:105140002A10C1857047000070B5064600F1404046
:105150004FEA30300D460C2880F0D880288BB0F50F
:10516000804F6FD22889B0F5804F77D26889202888
:1051700080F08080A888B0F5804F80F08880E88833
:10518000202880F09080A88AB0F5804F80F0988029
:10519000E88A202880F0A080288AB0F5804F80F02F
:1051A000A880688A202807D349F2E3104FF43071B1
:1051B000C0F6000002F09CFFD6F87001E97B43F2D4
:1051C0003772AB7B90436A7B2C7B40EA0130E978F5
:1051D00040EA8320AB7840EA42206A7840EA042023
:1051E00040EA0110297840EA830040EA420008437F
:1051F000C6F87001A888E98841EA4010C6F8740131
:105200002889698941EA4010C6F87801288A698AA4
:1052100041EA4010C6F87C01A88AE98A41EA4010B8
:10522000C6F880014CF20001D6F88401CFF6FE7179
:105230002A8BAB7E0840104340EA0340C6F8840145
:1052400070BD00BF49F2E3104FF42E71C0F60000AC
:1052500002F04EFF2889B0F5804F87D349F2E31062
:1052600040F2B921C0F6000002F042FF6889202810
:10527000FFF480AF49F2E31040F2BA21C0F600001B
:1052800002F036FFA888B0F5804FFFF478AF49F2FE
:10529000E31040F2BB21C0F6000002F029FFE888CD
:1052A0002028FFF470AF49F2E3104FF42F71C0F6DD
:1052B000000002F01DFFA88AB0F5804FFFF468AF30
:1052C00049F2E31040F2BD21C0F6000002F010FFE9
:1052D000E88A2028FFF460AF49F2E31040F2BE21D3
:1052E000C0F6000002F004FF288AB0F5804FFFF4FA
:1052F00058AF49F2E31040F2BF21C0F6000002F0BF
:10530000F7FE688A2028BFF44FAF55E70F283FF417
:1053100025AF49F2E31040F2B721C0F6000002F0D9
:10532000E7FE1BE7000000000021C0F817104161F4
:105330000161C16081604160016070470000000050
:10534000B0B500F140424FEA32320C2A36D2D0F8E2
:10535000102291F802C040F6637591F800E0AA436C
:10536000CD7842EA8C224B780C7942EA0E2242EA4E
:1053700045021A4342EA4412C0F810224A79D0F892
:10538000103223F01003002A18BF1033C0F8103277
:105390008A79D0F8103223F00803002A18BF0833A6
:1053A000C0F81032C979D0F8102222F00402002986
:1053B00018BF0432C0F81022B0BD00BF0F2AC6D0FB
:1053C00049F2E3120C46C0F6000240F68A21054677
:1053D000104602F08DFE21462846B8E70000000086
:1053E0000021416001607047B0B5044600F14040C3
:1053F0004FEA30300D460C2880F09A80688AB0F56C
:10540000804F55D2A88AB0F5804F5DD295F917002C
:10541000B0F1FF3F65DD95F91800B0F1FF3F6DDD9C
:105420002868B0F5800F75D22879202808D349F272
:10543000E31040F2E311C0F6000002F059FE2879B3
:10544000296840EA41102061E0696979AA7B20F06F
:1054500033002B7C40EA0110E97B40EA421040EA2D
:1054600043000843E061A06A47F67F71EA7D2B7E26
:1054700088434CF200011043CFF6FE7140EA03204E
:10548000A062206A6A8A6B7C0840104340EA0340AD
:105490002062606AAA8AAB7D0840104340EA03405C
:1054A0006062D5F806006061D5F80A00A061B0BD61
:1054B00049F2E3104FF4EF71C0F6000002F018FE5D
:1054C000A88AB0F5804FA1D349F2E31040F2DF1172
:1054D000C0F6000002F00CFE95F91700B0F1FF3F96
:1054E00099DC49F2E3104FF4F071C0F6000002F0CD
:1054F000FFFD95F91800B0F1FF3F91DC49F2E31090
:1055000040F2E111C0F6000002F0F2FD2868B0F5AB
:10551000800F89D349F2E3104FF4F171C0F6000017
:1055200002F0E6FD28792028BFF481AF88E700BFAC
:105530000F283FF463AF49F2E31040F2DD11C0F6EB
:10554000000002F0D5FD59E70021017641610161BB
:10555000C160816041600160704700000000000090
:1055600070B5044600F140404FEA303015460C2833
:105570000E461DD2B6F1804F07D349F2E31040F634
:10558000CE51C0F6000002F0B3FD96FAA6F1D4F8B1
:105590003C04B1FA81F120F4F85220F01F00002DF4
:1055A00042EA012208BF40EA0102C4F83C2470BD6F
:1055B0000F28DFD049F2E31040F6CD51C0F60000CD
:1055C00002F096FDD6E7000070B5044600F14040B9
:1055D0004FEA303015460C280E4615D2B5F1807FC3
:1055E00007D349F2E31040F6C241C0F6000002F0D2
:1055F0007FFD4FF48460002E08BF4FF48260215875
:105600002943215070BD00BF0F28E7D049F2E310B5
:1056100040F6C141C0F6000002F06AFDDEE700007E
:1056200070B5044600F140404FEA303015460C2872
:105630000E461BD2B5F5800F07D349F2E31040F2B6
:105640000A31C0F6000002F053FD072E2DD8DFE826
:1056500006F0052D1B231935372B00BF606C6FF347
:105660005A1040EA4510606470BD00BF0F28E1D0B9
:1056700049F2E31040F20931C0F6000002F038FDB3
:10568000D8E700BF656570BDE06C6FF35A1040EA63
:105690004510E06470BD00BF206D6FF35A1040EA02
:1056A0004510206570BD00BF256670BDA06C6FF30E
:1056B0005A1040EA4510A06470BD00BFA56570BDDA
:1056C000E56570BD00000000F0B581B000F1404715
:1056D0004FEA373CBCF10C0F24D259B1162A15D130
:1056E000D0F83C1121F00C0141EA8301C0F83C11D3
:1056F00001B0F0BD162A0FD1D0F83C1121F0030102
:105700001943C0F83C1101B0F0BD00BF00EB8200AE
:10571000C0F8E03001B0F0BD00EB8200C0F880308E
:1057200001B0F0BDBCF10F0FD7D049F2E31C0C461D
:10573000C0F6000C40F26141054660461E46174621
:1057400002F0D6FC21463A4633462846C5E700001B
:1057500070B5044600780422002808BF0822E168DA
:105760000229A55804D3A2690139154405E000BFF8
:10577000012903D161880D040021E160E9170128A6
:1057800005EB11414FEA21400BD1616906460846FD
:10579000FFF7E6F8311A206909B2FDF79DFF656051
:1057A0000504A56070BD00000178012918BF70478D
:1057B00000690021FDF780BF70B5044600780D46F2
:1057C00040B1E08B854203DCB4F92400854211DA54
:1057D000002070BD2046164600F066F8B4F9281087
:1057E0008D424FF0000103DBE28C9542324611DD21
:1057F000084670BD6068238CC1179D4200EB1140C4
:105800004FEA204006DAB4F922108D4202DD002072
:1058100070BD00BFA2B1A18B281A0004658051435E
:1058200044F6D352C1F26202A1FB0212012101EB44
:105830009211E16090FBF1F00121A061084670BD7A
:105840002078082101284FEA054008BF0421605054
:105850000020E0600121A061084670BD000000004A
:1058600010B504464069FFF77BF80004606010BD86
:10587000D0F82E0070470000C08B70470000000079
:105880004068C11700EB1140001470470000000091
:10589000B0F92C0070470000B0F9240070470000F8
:1058A00040697047000000008068C11700EB11409C
:1058B000001470470000000080B5B0F82CC090F8CC
:1058C0002A30B0F82EE003704FEA0C4343604FEAF1
:1058D0000E43836000234380C0E90331C0E9052300
:1058E00080BD00000000000001700021C160704711
:1058F00041617047000000000021C1608161704774
:1059000001780B2903D10922027000228280A1F1C3
:105910000B00B0FA80F04009704700000000000062
:1059200080B5B0F802C003464FF6FF7E00784CEA1F
:10593000010C82EA0E0202EA0C02B3F804C00A2843
:105940005A8041EA0C01998006D1002A1CBF0A2026
:1059500080BD0B20187080BD002A08BF80BD0A20C2
:10596000187080BD000000004188808840EA014036
:105970007047000000000000007870470000000041
:1059800040F62010C2F20000D0F8BC010047000031
:1059900040F62010C2F20000D0F8C001004700001D
:1059A00000210170C0F802107047000000000000E4
:1059B00010B50278142A00F2C480DFE812F0AD00BE
:1059C0009D00150059006F00BD001500CF000901B2
:1059D000FB00C200C2004900850069003900DD00FB
:1059E000EB00250117011D000024012918BF032920
:1059F00040F01681204610BD4A1E112A00F2168181
:105A00000024DFE812F01300130113001301130147
:105A100013010F01130113011301130113011301EA
:105A200013011301130113010F0100BFE2E700BFCF
:105A30004A1E062A00F2FA800024DFE812F007006E
:105A4000F3000700F700F700F700F300D2E700BF0C
:105A5000072900F2EB800024DFE811F0E4000800E1
:105A6000E8000800E800E800E8000800C2E700BF1E
:105A7000112900F2DB80012292238A40C0F2030345
:105A80001A4240F0CF80032904BF002010BDCDE0B2
:105A900001F0F702072A54D1C4E000BF4A1ED3B276
:105AA000D20142EA5302D2B2092A00F2BF80012396
:105AB00003FA02F212F4037F40F0B48091071CBF96
:105AC000002010BDB2E000BF4A1E0D2A00F2AE80D9
:105AD0000024DFE812F00F00AB000F00AB00AB00BA
:105AE000AB00A700AB00AB00AB00AB00AB00AB0062
:105AF000A70000BF7EE700BF0E2900F297800122B9
:105B00008A4012F4C14F40F08D8012F00A0F1CBF82
:105B1000002010BD8AE000BF4A1E0B2A00F28680DA
:105B20000024DFE802F07F837F83838307838383FE
:105B3000837F00BF5EE700BF01F0FE02062A00F08F
:105B40007180072900F27280012202FA01F111F03E
:105B50008A0F1CBF002010BD68E000BF4A1E072A44
:105B600000F264800024DFE802F0056105616161F4
:105B7000055D00BF3EE700BF4A1ED3B2D20142EA34
:105B80005302D2B2022A59D3032A4BD0082A49D051
:105B90004CE000BF142949D8012280238A40C0F27A
:105BA00014031A423ED112F00A0F1CBF002010BD90
:105BB0003CE000BF0C2939D801228A4012F08A0F3C
:105BC0001CBF002010BD41F201031A422AD12DE072
:105BD0004A1E082A2AD80024DFE802F006280628F0
:105BE00028280628240000BF04E700BF07291DD885
:105BF00001228A4012F0B00F14D112F00A0F1CBF1C
:105C0000002010BD12E000BF4A1E062A0ED8002454
:105C1000DFE802F0040C04080C0C0800EAE600BF00
:105C2000072903D10170012010BD00BF802100228F
:105C30000024FFF775FE204610BD00BF002010BDF8
:105C400070B500F13406144630460D46FDF724FDCC
:105C500028803046FDF718FD208070BD0000000050
:105C6000006800213430FDF727BD0000000000006F
:105C700010B590F80F31D0F808C190F80E1190F8D7
:105C8000F4E0994206D100EB4E0100F5867301F174
:105C900074020CE0CA1A02EB0E048C4200F174018B
:105CA000A8BFAEEB030401EB4E0201EB4403B2F9D3
:105CB0000010B3F90020B0F820316144891AC0F80F
:105CC000081141FA03F2C28110BD0000000000007B
:105CD0002DE9F04F90F80E914FF0000EB9F1000F42
:105CE0000CD0B9F1040F09F0030C0BD200220025EF
:105CF000BCF1000F00F174082ED13EE04FF0000A15
:105D00004CE000BF002209F0FC0A00EB4206B6F9A5
:105D10007470B6F97680B6F97850B6F97A6017449F
:105D200004329245474410D000EB42033D443544D1
:105D30000432B3F97470B3F97640B3F97A609245DE
:105D40002F44B3F978502744EED17B199D19BCF14B
:105D5000000F00F1740810D038F91230BCF1010FB7
:105D60001D440AD008EB4202BCF1020FB2F9023026
:105D70001D4402D0B2F90420154495FBF9FAB9F19B
:105D8000000F0BD0B9F1040F80F08A8000250026A7
:105D9000BCF1000F40F0C58003E000BF4FF00009E8
:105DA0000026428BC469B6FBF9F30AFB02F287783E
:105DB0000AFB0AF6B0F81051574306FB05F2467885
:105DC00097FBF4F797FBF6F5B3EBD21F38BF4FF014
:105DD000010E90F804710D808581012F80F8F5E0A7
:105DE0002ED1002D4FF0000448BF6D42B0F81A715B
:105DF000BD422DD2B0F91470C5EBC53690F81951DB
:105E000096FBF7F707FB05F6B0F970C090F818811C
:105E1000F51706EB9566B0F97250B61177436D43EE
:105E2000FE171CFB0C5507EB966EA4EBAE1606FB9B
:105E30000876B542C8BF012426462C460AE000BFBA
:105E4000012690F8F8706FB9BDE8F04FFEF7A0BDDD
:105E50000027002680F8F960C0E93F4790F8F87005
:105E6000002FF1D0D20993424FF0000238BF012237
:105E700032424FF0000205D080F8F720BDE8F04F25
:105E8000FEF786BD90F8F72090F81731013280F8C0
:105E9000F720D7B29F4261D2BDE8F04FFEF778BD40
:105EA000002209F0FC0B00EB4203B3F97450B3F984
:105EB0007670B3F97840B3F97A30A5EB0A05A7EB11
:105EC0000A0705FB0525A4EB0A0407FB0757151D68
:105ED00004FB0477AB45A3EB0A041CD000EB45039D
:105EE00004FB04740435B3F97470B3F97660B3F944
:105EF0007A20B3F97830A7EB0A07A6EB0A0607FB6E
:105F00000744A3EB0A0306FB0644AB4503FB034728
:105F1000A2EB0A04E2D104FB0476BCF1000F3FF4CB
:105F200040AF38F91520BCF1010FA2EB0A0202FBC9
:105F300002663FF436AF08EB4504BCF1020FB4F93A
:105F40000220A2EB0A0202FB02663FF42AAFB4F978
:105F50000420A2EB0A0202FB026622E702460021AD
:105F600080F8F710C17800201170BDE8F08F0000B4
:105F70002DE9F04F83B00446B0F92E0048F2010637
:105F8000A76ECFF6FF76C0EBC0329742134603DC14
:105F900000FB06F39F4201DC1F46A366D4F86CA009
:105FA000B4F81E91924503DC00FB06F2924501DC39
:105FB0009246E266B4F92C20D4F860E0C2EBC2301D
:105FC0008645034603DC02FB06F39E4501DC9E4644
:105FD0002366656E0297854203DC02FB06F085426C
:105FE00001DC05466066B4F81CB1C888B4F92430F9
:105FF000B4F9208045FA0BF7B4F926204AFA09F6DD
:10600000A7EB000C13FB06F04EFA0BFB18FB070086
:10601000A4F872600190B4F9220012FB0CA7DDF81D
:1060200008A000978F8810FB0C5C4AFA09F513FB57
:1060300005F3ABEB070718FB0B39B1F808802BB25F
:1060400012FB07ABB1F9022010FB07EAB1F900100F
:10605000B4F9287002FB08F2B4F90E0001FB08F154
:10606000A4F8705012FB27CC628E11FB27AEB4F956
:106070002A7013410099784337B247FA02F200FBC5
:10608000131800FB02BBB4F92401019AAEEB090717
:10609000B0F1FF3FB4F90400ACEB020AD4BF6D428B
:1060A0007642FCF715FB29043304021400B2DB131B
:1060B000C91358435143021404F13400A2EB2141A7
:1060C000FDF70AFB94F8F41094F80E210131CBB2DD
:1060D0009A1A18BF0A462082D1B284F8F420C4F874
:1060E0006C8004EB4101B1F87430A4F80C31A1F8D4
:1060F0007400A188084404F16001A08081E8800C4C
:1061000000B203B0BDE8F08FB0B590F80E110446B0
:1061100000258580C581C0E93F55C0F80851A0F829
:106120002251C0E91855C0E91A55C0F8F65021B1FE
:1061300004F174004900FAF7DDF884F8F45004F132
:1061400034000021A4F80C51BDE8B040FDF7B4BA0A
:106150000068012180F82211704700000000000053
:106160000068012180F82311704700000000000042
:10617000006F704700000000D0F800017047000079
:10618000B0F81C11D0E918020A410841C0EA0240E7
:106190007047000000000000D0F8FC0070470000CD
:1061A000438C0B80C08C1080704700000000000002
:1061B0002DE9F041044690F816014EF65E210123C8
:1061C00084F8F600B4F92E00C0F20F014FF0000879
:1061D00091FBF0F5290484F80431A4F8328027D02B
:1061E000002201216E1CB6B2032E23D3AEB205EB02
:1061F000D63636B203EB6606032E1FD32EB2C6F395
:1062000041772F443FB203EBA707032F1AD3C6F3FE
:10621000CF370432090105EB573636B205EB173795
:106220003FB203EBE6063D11032EDBD20DE000BFCB
:1062300001210BE0490042F0010206E0890042F032
:10624000020202E0C90042F00302628610FB01F084
:1062500048F6C552C0F24862218650FB02F0010A9E
:1062600001EBD07060852046FFF74EFF04F134004B
:10627000FDF71AFAA4F81280BDE8F08100000000D2
:1062800090F82321A0F82411012A08BF818990F8F1
:106290002221012A06D1012180F8F8100022027083
:1062A00008467047B0F90C2012FB01F3012B2FDBDD
:1062B00090F8F530012B26D192B213B282EAE33284
:1062C000A2EBE33CB0F814311FFA8CF29A421AD9CF
:1062D0000AB290F8133181EAE231A1EBE23113FB0B
:1062E00001F202EB127213110FFA8CF21BB29342FD
:1062F00009DC90F8123113FB01F101EB1171091166
:1063000009B2914206DA002180F8F610084670477B
:106310000020704790F8F61090F81621013180F8AF
:10632000F610CBB200219342F0D3012280F8F8207E
:106330000170012070470000006890F8F500704778
:106340004184C2847047000034300021FDF7B4B9A5
:10635000B0B500F1340514462846FDF7B9F92846D2
:106360002146BDE8B040FDF7AFB9000000000000D5
:10637000010C022921D83021082201EA103140F213
:10638000402C83B2B0F5803F38BF0422A1F1100148
:10639000C4F2400C28BF03FA01F052F80C10084375
:1063A00042F80C00DCF80000C00718BF7047DCF8AA
:1063B000000040F00100CCF8000070470000000031
:1063C00040F62010C2F20000D0F830020047000072
:1063D00040F20400C2F200000178022908D140F620
:1063E0001C124188C2F20002136819441160002196
:1063F00010B501310170FCF7AFFE40F2CC54C2F28F
:10640000000400BFD4F8200100F06EFC0028F9D091
:1064100040F2CC50C2F20000BDE8104000F058BE7F
:1064200080B5FBF751F840F23451C2F20001086028
:1064300080BD00000000000070B54EF6885062B6C6
:10644000CEF20000016841F470010160FBF7E0F951
:106450000020FBF741F908B1FEE700BF44F26755A1
:1064600044F224044CF6EF564FF47A70C8F6AB159C
:10647000C4F26004C0F2231601F02EFE2068C007AB
:1064800040F0CE800020D4F8B010CFF6F07000F1CC
:10649000FF021140052201F50B41C4F8B010D4F8F9
:1064A000B01021F07041C4F8B010D4F8B01062F30D
:1064B0001851C4F8B010D4F8B010032262F30701E9
:1064C000C4F8B01040F6B001C0F20151C4F8801019
:1064D00044F61171C0F2A061C4F8841040F23F117B
:1064E000C0F28B11C4F88810D621C1F20311C4F890
:1064F0008C1041F29541C0F6B001C4F8901040F202
:106500002751C4F8941045F24321C4F8981043F27F
:106510009D61C0F20301C4F89C10D4F8A42022F0BD
:106520007F42C4F8A420D4F8A42042F04072C4F8FA
:10653000A42040F21122C4F8AC20C4F8A0102168B5
:1065400041F0010121602168C9077BD146F6BC41B9
:10655000C0F2060101F18072C4F8A020D4F8B02086
:1065600010404FF6FF7240F48630C0F60F6240F0E4
:106570000500C4F8B00041F27000C2F60120C4F872
:106580008000D4F8B000104000F18550C4F8B0008D
:1065900049F60050C0F62050C4F8840040F277203D
:1065A000C0F21530C4F8880040F2A510C0F2050012
:1065B000C4F88C0042F61E10C1F27000C4F89000BE
:1065C00040F64720C4F894004AF27940C4F8980095
:1065D000C4F89C10D4F8A40020F07F40C4F8A400B4
:1065E000D4F8A40040F0A060C4F8A40040F21C401D
:1065F000C4F8AC00206840F001002060FBF708F907
:1066000049F23C0047F64001C0F60000C0F27D119F
:1066100040F6B832FBF778F830B300BFFEE700BFB2
:106620006660A5602068C0073FF42CAF2068C007F3
:106630001CBF20685FEAC0703FF424AF2068C00729
:10664000F0D11FE76660A5602168C9073FF47EAFFF
:106650002168C9071CBF21685FEAC1713FF476AFAA
:106660002168C907F0D171E748F63060C0F6000034
:10667000FAF7AEFF10B100BFFEE700BF0120FBF745
:106680002BF808B1FEE700BFFAF796FFFBF7C0F85A
:106690004CF24C004FF0FF31C4F24000C160816009
:1066A00001604160FAF788FF48F20400C4F260001C
:1066B000016821F00201016049F20400C4F26000A7
:1066C000016821F00201016070BD000000000000BF
:1066D00040F21070C2F200008088B0FA80F04009E9
:1066E000704700000000000010B540F21074C2F2C4
:1066F0000004E068FDF70CFD04F134008021002265
:10670000BDE81040FFF70CB92DE9F04784B0182020
:106710000121FBF731FE40F21074C2F2000494F83C
:1067200034001328D4F87200009008D1E06AFDF715
:1067300017FF20B9E06AFDF7AFFEA4F868006069B2
:10674000FFF7AEF80546FEF70FF981462846FEF73B
:106750000FF9E06803A9FDF753F80398FBF764FF0E
:1067600049468046FBF77CFF02B2B4F96810074641
:106770004FEA104AA069891AFCF7AEFFB4F96A1013
:106780000646E069A1EB2741FCF7A6FFC6EA0041F7
:10679000A2681046FBF748F806462846FEF7E8F8D8
:1067A00030464946FBF780FF0546E0682946FDF77D
:1067B0002BF80128C4F86E600399A4F86470C4E94A
:1067C0001618A4F866A0C4F87250A4F8789007D1FF
:1067D00004F1340001210022FFF7A2F83DE000BFE0
:1067E00040F24C30C2F20000FDF73EFF0646206A40
:1067F000E16D019101F01CFB40F2D835ADF80800C5
:10680000C2F2000569462846FFF7B2FB2846FFF7AB
:106810002FFA2EB940F2D830C2F20000FFF794FDF3
:1068200004F13400FFF7A8F8132816D8012101FA63
:1068300000F03021C0F2080108420ED040F2D830FA
:10684000C2F20000FEF790F8ADF80C0040F2905054
:10685000C2F2000003A901F03FFB18200021FBF762
:106860008BFD002004B0BDE8F087000000000000B0
:10687000F0B583B00020ADF80A0040F2D8300DF139
:106880000A01C2F20000FFF723FA40F21077C2F2C9
:106890000007786AFCF760FF07F134042046FFF731
:1068A0006BF80338102800F22081DFE810F01100A7
:1068B00085006B0063004B005B0097001E011E010A
:1068C0001E011E011E011E01A500CD00AF00230008
:1068D000386BFBF739FE014640F24C30C2F2000043
:1068E000FDF746FEF868FDF7DFFC142000F050F9D4
:1068F0001021F7E040F24C30C2F20000FDF77CFEC0
:10690000002800F0A98040F290550DF10601C2F276
:106910000005284601F090FA0646284601F0A0FB43
:10692000002E08BF002800F0E0803D69B7F96860DC
:106930002846FCF7ADFE00FB06F12846FCF7BCFE3E
:106940000521CFE0F868FDF7E3FB0020FBF79CFA98
:10695000786AFCF7B9FD4FF4487000F021F908217E
:10696000C0E000BF00F024F9002800F0BE8009213B
:10697000B8E000BF386BFBF77FFD0020FBF768FA3B
:1069800003B0F0BD40F2D8317869C2F20001FEF7E1
:10699000AFFF0020FBF7A0FA0020FBF759FA062111
:1069A0002046FFF705F87869FEF75AFF386BFBF7CA
:1069B00063FD03B0F0BD00BF40F24C30C2F20000F6
:1069C000FDF71AFE00284FD07869FEF7C1FEB7F830
:1069D0006C10A7F86800A7F86A104AE040F29055DA
:1069E0007869C2F200052946FEF782FF284601F0C9
:1069F000C7FA002176E000BFFFF76AFE002874D0D6
:106A0000F8680021FCF7DCFE11216BE040F29051A8
:106A1000012087F87C007869C2F20001FEF768FF68
:106A200040F2D830C2F20000FFF76EFB042120468E
:106A3000FEF7BEFF002858D00020FBF725FAF868C3
:106A4000FDF79EFB03B0F0BDF8680121FCF7B8FE2E
:106A500000284AD0122145E0102100222046FEF7EE
:106A60005FFF03B0F0BD00BF102100222046FEF7FB
:106A700057FF40F2905002A9C2F2000001F0DCF989
:106A800040F24C30C2F20000FDF7EEFD68B3BDF9F4
:106A9000081040F2D830C2F20000FFF7F1FB0546C3
:106AA00040F29050C2F20000294601F0C9FAE5B167
:106AB00040F2D830C2F20000FDF756FF0146F86DF3
:106AC000FBF7CEFD0546F86AFDF742FDB7F9681001
:106AD000F86A0022FDF7F8FC29B2F86A1922FDF7DE
:106AE000F3FC13212046FEF763FF03B0F0BD000066
:106AF00040F21070C2F200000078012818BF704701
:106B000080B5002000F004F8BDE88040FDF710BC1F
:106B1000F0B581B040F210760446C2F2000606EBF2
:106B20008007B86AFCF73CFD00F00805F868FCF740
:106B300043FE45EA00052CB9306AFDF70DFE00F072
:106B40000800054304EB440029462A4606EB4000B2
:106B500000F134063046FEF7E3FE3046FEF70CFF48
:106B60000B280DD00A2811D1F868FCF719FF204630
:106B7000FBF78AF9786A01B0BDE8F040FCF7A4BCE5
:106B8000F86801B0BDE8F040FCF70ABF01B0F0BD05
:106B900040F21071C2F200018880704700000000CE
:106BA00040F21071C2F20001C8807047000000007E
:106BB00040F21070C2F20000C088B0FA80F04009C4
:106BC000704700000000000040F62010C2F20000F4
:106BD000C06F00470000000040F62010C2F2000025
:106BE000D0F8800000470000B0B504460D4648B11B
:106BF000022D11D0042D13D0082D18BFB0BD1820C0
:106C00002058B0BD49F22C204FF42A71C0F6000084
:106C100001F06EFA022DEDD108202058B0BD00BF62
:106C200014202058B0BD0000B0B504460D4618B180
:106C30006068A8436060B0BD49F22C2040F27D211D
:106C4000C0F6000001F054FA6068A8436060B0BD6F
:106C500080B578B10021C4F2500188424FF007019D
:106C6000816011D140F2D870C2F2000001210170A0
:106C700080BD00BF49F22C208B21C0F6000001F03E
:106C800037FA08200721016040F2D870C2F20000F4
:106C900001300121017080BDB0B504460D4638B900
:106CA00049F22C2040F26321C0F6000001F020FAE6
:106CB000606828436060A0696069A068B0BD00009A
:106CC00010B5044620B1A06800F00F0010BD00BF51
:106CD00049F22C204FF42471C0F6000001F008FAAC
:106CE000A06800F00F0010BD10B5044620B1606927
:106CF000C0F3801010BD00BF49F22C204FF4817109
:106D0000C0F6000001F0F4F96069C0F3801010BD16
:106D100010B5044630B1D4F8880040F00100C4F842
:106D2000880010BD49F22C2040F2C511C0F60000C9
:106D300001F0DEF9D4F8880040F00100C4F88800C2
:106D400010BD000000000000B0B5044670B16069DD
:106D5000C0071CD16069C00704BF60695FEAC070EA
:106D600015D16069C007F2D011E000BF49F22C25AF
:106D700040F2A511C0F60005284601F0B9F900BFA0
:106D8000EE21284601F0B4F96069C007F8D0206808
:106D9000C0B2B0BD0000000010B5044610B12068BC
:106DA000C0B210BD49F22C204FF4DB71C0F60000D8
:106DB00001F09EF92068C0B210BD00000000000084
:106DC000F0B581B014460E460546FAF7E9FA0746D3
:106DD0003DB949F22C204FF4F971C0F6000001F0E2
:106DE00087F94CF2BF61701EC0F22D01884207D3B3
:106DF00049F22C2040F2F311C0F6000001F078F9BE
:106E0000300100EE107A01EE100A9FED172AB8EE5D
:106E1000400AB8EE411A80EE011AB6EEC10A31EE10
:106E2000400A20EE020AB4EE420AF1EE10FA18DA35
:106E3000BDEEC11AE968BCEEC00A41F08001E9600C
:106E400011EE100AC1B22960000A686085ED300AAF
:106E5000E86820F08000E860E86820F03F00204308
:106E6000E86001B0F0BD00BF00000042000000007B
:106E700070B504460D4668B1606940061CD460696F
:106E800040065CBF60695FEA406015D460694006F7
:106E9000F2D511E049F22C2640F26311C0F600064B
:106EA000304601F025F900BF4FF48171304601F002
:106EB0001FF960694006F7D5256070BD000000002D
:106EC000B0B504460D4608B12560B0BD49F22C208E
:106ED0004FF4BA71C0F6000001F00AF92560B0BDA8
:106EE000002180F81C117047FAF796BF00000000DF
:106EF00080B582B008218DF807100DF10702FF213F
:106F0000012300F085F802B080BD00000000000001
:106F100090F81C211AB390F81D21012A0CD08AB9CF
:106F200080F89910018A4182012180F81D1148F6EC
:106F30002A60C0F600007047022280F89A1022EA08
:106F400091110AE090F89A30023393420CD902442E
:106F500082F8991090F81D11013180F81D1148F642
:106F60002860C0F60000704770B582B0D0F82021CC
:106F700000F1990480F81B11002545820121064685
:106F80001046FFF751FE204686F81C51FAF7ECFE3A
:106F900096F81B11324688420ED192F8991092F859
:106FA0009A30106896689B32B04748F62C60C0F65D
:106FB000000002B070BD00BF0DF107040A208DF87B
:106FC0000700FF2101231046224600F021F848F671
:106FD0002C60C0F6000002B070BD00000000000090
:106FE00090F81C1100294FF0010101D008467047AC
:106FF00080B5A0F81C11D0F820010121FFF74CFE4C
:107000000221BDE8804008467047000000000000F3
:1070100070B5064690F8970000281CBF012070BD8F
:107020003046002B00F8141F437040D013F00301CA
:107030000ED0964601291EF801CB86F816C00DD158
:10704000591E06F1170C7246042B1FD22FE000BF09
:1070500006F1160C1946042B18D228E092F801C04C
:10706000022986F817C007D1991E023206F1180CC2
:10707000042B0BD21BE000BFD91E92F802E00332B2
:1070800006F1190C86F818E0042B10D3ACF10403B8
:10709000043A00BF12F8044F043903F8044F0D06F8
:1070A00054785C7094789C70D478DC70F2D1FAF7E4
:1070B0005BFE86F896000120A6F89700D6F820011E
:1070C00002210224FFF7E8FD204670BD0000000009
:1070D00010B5044690F89700002808BF10BD94F83A
:1070E0009800012804D038B904F114000EE000BF64
:1070F00004F115000AE000BF617D0231814203D92D
:107100002044143002E000BF04F196000178D4F866
:107110002001FFF7D5FE617D94F89800023181428D
:1071200004D9013084F8980010BD00BFD4F82001C4
:107130000221FFF779FDD4E90001002284F89720AD
:10714000BDE81040084700008169002908BF70476A
:1071500008470000000000004169002908BF70478F
:107160000847000000000000B0B540F2CC750446AE
:10717000C2F20005686800F0B7FBA04218BFB0BDBE
:107180006868BDE8B040FFF7DFBF00000000000006
:1071900010B54A1E0D2A37D890F82C10006A50F806
:1071A00021100120DFE802F01A080E3131202A38C0
:1071B00032303030300800BF0846FBF72DFA01208E
:1071C00010BD00BF08460C46FBF7F2F9062826D191
:1071D0002046FBF725FA012010BD00BF0846FBF74B
:1071E0000FFA012010BD00BF08460C46FBF7E0F97E
:1071F000C0B12046FBF710FA012010BD0846FBF78E
:107200008BF9012010BD00BF002010BD0846FBF720
:1072100027F9012010BD00BF0846FBF729F901201E
:1072200010BD00BF2046FBF7EBF9012010BD0000A8
:1072300080B54AF6AB23C2F6AA2351FB03F190F8BE
:107240002C30006A01EBD17150F8230009B2FBF732
:1072500053F9012080BD000080B590F82C30006A01
:1072600050F82300FBF750F9012080BD000000001A
:1072700082680AB1104700BF8920704700000000F3
:10728000002070470000000070B582B090F82C40DC
:107290000346D0E90805002A55F824C050F82460B8
:1072A0001CBF01201070812900F25E8148F27A40F3
:1072B000C3F2A640DFE811F086018C017A01AC012F
:1072C000D6012A01C2012401940094018001060123
:1072D0008200DE01F4006A0112019A01580158018E
:1072E000FA00DC00580158015801FA011E014C0156
:1072F000A6015201D4008E00880058013601CE004C
:10730000BC00EE000C018E00880094008200B201E7
:107310001202E8003001580158015E0100024001EC
:10732000C2009A001802580158015801580158012A
:107330005801F001B2007001B8018200A600E4011A
:107340005801580158015801580158015801580175
:107350005801580158015801580158015801580165
:107360005801580158015801580158015801C801E5
:107370005801580158015801580158015801580145
:107380005801580158015801580158015801580135
:107390005801580124020C025C015801F002F0026D
:1073A0005801580158015801580158015801580115
:1073B00058015801580158015801F0023046FBF7B6
:1073C000E3F8001402B070BD3046FBF7D9F80014A2
:1073D00002B070BD3046FBF7D3F800B202B070BD0A
:1073E0003046FBF7D1F800B202B070BD986A50F891
:1073F000241001F07040B0F1104F40F08781DCF8AC
:10740000180084E1986A50F8241001F07040B0F13F
:10741000104F40F08B81DCF8180088E11A69002ACF
:1074200000F03A8201211846904702B070BD00BFBB
:107430003046FBF781F8001402B070BD986A50F82E
:10744000241001F07040B0F1104F40F07F81DCF863
:1074500018007CE13046FBF76FF800B202B070BD57
:107460003046FBF75DF800EB4000400002B070BD15
:10747000986A50F8241001F07040B0F1104F40F0BD
:107480007581DCF8180072E13046FBF799F800B21C
:1074900002B070BD3046FBF753F800B202B070BDC9
:1074A000DCF80800FCF7F0F802B070BD986A50F8FC
:1074B000241001F07040B0F1104F40F06B81DCF807
:1074C000180068E1DCF80400FCF7DAF802B070BDDF
:1074D0003046FBF735F8001402B070BD986A50F8DA
:1074E000241001F07040B0F1104F40F06781DCF8DB
:1074F000180064E1DCF82C00FCF776F802B070BDEF
:10750000DCF80000FCF7BCF802B070BDDCF800004D
:10751000FCF7C2F802B070BD3046FBF751F800141A
:1075200002B070BDDCF81400002800F0B581FDF752
:10753000A7F802B070BD00BF986A50F8241001F09F
:107540007040B0F1104F40F04D81DCF818004AE176
:10755000DCF83C00FBF7C0FF02B070BD012118460B
:10756000FFF786FE02B070BD0020002A18BF107021
:1075700002B070BD986A50F8241001F07040B0F16C
:10758000104F40F03F81DCF818003CE1DCF80800C7
:10759000FCF776F802B070BDDCF82400FEF76CF959
:1075A00000EB4000400002B070BD00BFDCF82800D6
:1075B000FEF7E2F902B070BDDCF80400FCF764F8F5
:1075C00002B070BD184600F08FF902B070BD00BF68
:1075D000DCF8280002B0BDE87040FEF7C5B900BF76
:1075E000DCF80400FCF758F802B070BD986A50F857
:1075F000241001F07040B0F1104F40F01181DCF820
:1076000018000EE100211846FFF732FE02B070BDEF
:107610003046FAF78DFF02B070BD00BF3046FAF772
:10762000D3FF00B202B070BDDCF82400FEF734F9DD
:1076300000EB4000400002B070BD00BFDCF800006D
:10764000FCF722F802B070BD3046FAF771FF01284E
:1076500008D13046FAF79CFF00EB4000400002B032
:1076600070BD00BF3046FAF79FFF00EB40004000BE
:1076700002B070BDDCF80800FCF70EF802B070BD77
:10768000986A50F8241001F07040B0F1104F40F0AB
:10769000D980DCF81800D6E01A69002A00F0FC80D6
:1076A00000211846904702B070BD00BFDCF83000E2
:1076B00000F0B6FB02B070BD986A50F8241001F0DB
:1076C0007040B0F1104F40F0CB80DCF81800C8E0FB
:1076D000DCF80000FBF7DCFF02B070BD3046FAF7C3
:1076E00073FF001402B070BD986A50F8241001F0C6
:1076F0007040B0F1104F40F0C180DCF81800BEE0DF
:10770000DCF80000FBF7CCFF02B070BD002001F0F8
:107710007061B1F1106F08BFDCF81C00002800F0A8
:10772000BB80FEF725FD00B202B070BD002001F065
:107730007061B1F1106F08BFDCF81C00002800F088
:10774000AB80FEF719FD001402B070BD002001F0FF
:107750007061B1F1106F08BFDCF81C00002800F068
:107760009B80FEF70DFD001402B070BD002001F0FB
:107770007061B1F1106F08BFDCF81C00002800F048
:107780008B800DF1060101AAFEF75AFABDF9060039
:1077900002B070BD002001F07061B1F1106F08BF40
:1077A000DCF81C00002877D00DF1060101AAFEF7D5
:1077B00047FABDF9040002B070BD00BF002001F01F
:1077C0007061B1F1106F08BFDCF81C00002863D0B5
:1077D0000DF1060101AAFEF7E3FCBDF9060002B0B7
:1077E00070BD00BF002001F07061B1F1106F08BFE3
:1077F000DCF81C0000284FD0FEF7C2FC00B202B03B
:1078000070BD00BF002001F07061B1F1106F08BFC2
:10781000DCF81C0000283FD0FDF7A6F802B070BDD0
:10782000002001F07061B1F1106F08BFDCF81C009E
:1078300090B30DF1060101AAFEF7B2FCBDF90400F8
:1078400002B070BD002001F07061B1F1106F08BF8F
:10785000DCF81C0000B3FEF79FFC001402B070BD02
:10786000002001F07061B1F1106F08BFDCF81C005E
:1078700090B1FDF781F802B070BD00BF002001F0AB
:107880007061B1F1106F08BFDCF81C0020B1FEF789
:107890006FFC001402B070BD002002B070BD00008B
:1078A0002DE9F04190F82C70406A50F827004469A7
:1078B0009CB120461D461646DDF818800F46FCF7A1
:1078C000E3FE308020463946FCF7E6FE288020465D
:1078D0003946FCF7E9FEA8F80000002C18BF012487
:1078E0002046BDE8F081000090F82C0070470000B1
:1078F0000177002180F82C100099C0E908238162EB
:10790000704700000000000040F2CC70C2F200009E
:10791000018811B10188013901804188022902D30F
:1079200041880139418040F2C850C2F2000001880C
:10793000022938BF70470188013901807047000073
:10794000027F914238BF80F82C100020914238BF4E
:10795000012070470000000040F2CC704F21C2F2BD
:10796000000041807047000040F2CC700021C2F25C
:107970000000418070470000C1EA024190F82C30BD
:10798000006A50F82300FAF72FBE00000000000044
:107990004368002B08BF7047184700000000000034
:1079A000B0B582B05B2986464FF0000000F26381DB
:1079B0009EF82C40DEE9085355F8245053F824C0B3
:1079C000DFE811F05C005901590188005901A80055
:1079D000A40080009800AC00B200DA00D0007C0067
:1079E000A00084006E00B80059015901C400E600EF
:1079F00059015901590159015901590159015901B7
:107A000059015901590159015901590159015901A6
:107A10005901590159015901590159015901590196
:107A20005901590159015901590159015901590186
:107A30005901590159015901590159015901590176
:107A4000590159015901E0005901590159015901E0
:107A50005901590159015901590159015901590156
:107A60005901590159015901590159015901590146
:107A7000590159015901590159016400D1B27046A7
:107A800002B0BDE8B040FFF75BBF00BF4AF6AB20D5
:107A9000C2F6AA2052FB00F000EBD07001B2E5E084
:107AA000DEF8280050F8240000F07041B1F1104FCA
:107AB00040F07A80DCF8184077E000BFDCF808007E
:107AC0002EE000BFDCF8000058E000BFDCF8080042
:107AD00054E000BFD0B2012800F0C480002840F07C
:107AE000C9802846FAF768FD014600222846FAF7C1
:107AF0000BFDBFE028461446FAF746FDC4EA000134
:107B000036E000BFDCF8080010E000BFDCF8000041
:107B10000CE000BFDCF8000002E000BFDCF804006D
:107B200011B2FBF7D5FDA5E0DCF8040011B2FBF7BC
:107B3000CBFD9FE0DEF8280050F8240000F07041F3
:107B4000B1F1104F46D1DCF8184044E0DEF82800CF
:107B500050F8240000F07041B1F1104F54D1DCF81E
:107B6000184052E028461446FAF70EFDC0EA0441D8
:107B70002846FAF739FD7DE0DCF8040011B2FBF786
:107B80009FFD77E011B22846FAF736FD72E000BF9C
:107B9000DEF8280050F8240000F07041B1F1104FD9
:107BA00048D1DCF8184046E0002400F07060B0F1E5
:107BB000106F08BFDCF81C40002C5BD001AB0DF14E
:107BC0000601204615461A46FEF7EAFA29B2BDF923
:107BD000042014E0002400F07060B0F1106F08BFC2
:107BE000DCF81C40002C45D001AB0DF1060120460D
:107BF00015461A46FEF7D4FA2AB2BDF906102046F9
:107C0000FEF79EFB36E000BF002400F07060B0F18C
:107C1000106F08BFDCF81C4064B301AB0DF1060126
:107C2000204615461A46FEF70BF82AB2BDF9061093
:107C300014E000BF002400F07060B0F1106F08BFC6
:107C4000DCF81C40B4B101AB0DF10601204615462D
:107C50001A46FDF7F5FF29B2BDF904202046FEF7CC
:107C600077FB07E02846FAF79FFC014600222846EA
:107C7000FAF742FC012002B0B0BD00000000000095
:107C8000F0B581B090F82C701C46406A0D46069EF7
:107C900050F8270047693846FCF746FD3846294624
:107CA0002246FCF749FD384629463246FCF74CFD92
:107CB000012001B0F0BD00002DE9F04F83B040F28B
:107CC000605540F2BC0440F2CC76C2F20005C2F22C
:107CD0000004C2F20006DDF830902F6A27626F6A56
:107CE0006762AF6AA762EF6AE7622F6827606F6812
:107CF0006760AF68A760EF68E7602F6927616F6909
:107D00006761AF69A761EF69E761074674609846EC
:107D10000090204692468B46FFF7EAFD7068FFF719
:107D20001BFA706800212D22FFF732FE70680121D6
:107D30003122FFF72DFE40F2DC7040F2CC54C2F24B
:107D40000000C2F20004B060296A0162696A4162FF
:107D5000A96A8162E96AC162296801606968416053
:107D6000A9688160E968C160296901616969416147
:107D7000A9698161E969C1612046FFF7B5F846F656
:107D8000E16246F6E173D6E90110C0F60002C0F6E2
:107D90000003CDE9002147F211022146C0F600029E
:107DA000CDF80890FAF7D8FCB0680C9759465246BF
:107DB000434603B0BDE8F04FFFF79ABD0000000056
:107DC00010B540F2CC54C2F20004D4F82001FEF702
:107DD00077FF0C2814D004281CD1D4F82001FEF71A
:107DE000DBFF01462046FFF793F80088022813D0F6
:107DF000012818BF10BDBDE81040FFF7ADBD00BFA2
:107E000040F2CC50C2F20000FFF772F8BDE810401B
:107E1000FFF7AABD10BD00BFBDE81040FFF7A4BD2D
:107E2000C18840884843000C7047000000000000F3
:107E3000C08870470000000010B5028D022A21D3CF
:107E4000D0E908231A44B0F81AE0D3174478426204
:107E500002EB134C4FEA2C43C38103FB0EFCD0F81A
:107E60001CE00EFB04FE0CEB8C04630093FBFEF3A2
:107E70000B80028D8381013A028590F82D20C2B9D2
:107E800022E000BF012A19D1428DC4690A80828193
:107E9000428BB1F9003002EB820252006343447816
:107EA00093FBF2F26243C2810022028590F82D20FA
:107EB00052B1BDE81040FCF76BBD00BF82890A805B
:107EC00090F82D20002AF4D10246C17800201170CC
:107ED00010BD00000000000090F83320012A05D1F9
:107EE0000A8811B282800846704700BF10B5B0F909
:107EF0000EE0028E90F82C3090F801C0C4887244D5
:107F0000012B02869EFBFCF32344C38032D1B0F8E0
:107F10002EC0BCF1000F1FD0ACF10103C385B1F836
:107F200000C0BEF1FF3FA2EB0C04C8BFACEB0204E3
:107F3000BEF1FF3F14FB03F1B0F9363091FBF3F1D2
:107F400023B2D8BF4942002B0ED4012280F8322040
:107F5000ACEB01020EE000BF0A88012180F82D1071
:107F60000021017006E000BF90F83230002B18BFEE
:107F70000CEB0102BDE8104011B282800846704748
:107F800000214160C16041820170C0E90811018592
:107F900001638185C18EC18570470000000000002B
:107FA000FFF7EEBF0000000090F82C30002B18BF48
:107FB00070474AB370B5838E44F6D35CC1F2620C4D
:107FC000B0F90E405A43438B45784FF0010EA2FBA7
:107FD0000C2CC26903EB830341854A435B002104F7
:107FE00092FBF3F694FBF5F30EEB9C12F31A96B2A8
:107FF0001B0493FBF6F3028503FB05F2C0E908219D
:10800000BDE87040704700BF428BC369818103FBAC
:1080100001FC437802EB8202418552009CFBF2F2A4
:108020005A43C28100220285704700000000000010
:1080300042780186818091FBF2F2C2807047000095
:10804000002901464FF0010009D0CA8E81F82C00AA
:10805000002A18BF704781F82D0000200870704773
:1080600090F82D007047000040F62010C2F200008A
:10807000406F00470000000040F62010C2F20000F0
:10808000806F00470000000040F62010C2F20000A0
:10809000D0F834020047000040F62010C2F2000081
:1080A000D0F838020047000040F62010C2F200006D
:1080B000D0F83C020047000040F62010C2F2000059
:1080C000D0F840020047000040F62010C2F2000045
:1080D000D0F844020047000080B581B00090FFE76F
:1080E000401E0028FCD1FFE701B080BD0000000069
:1080F0000A46014602A000F0F1FC00BFFEE700BF07
:1081000057726F6E6720706172616D65746572730E
:108110002076616C75653A2066696C652025732050
:108120006F6E206C696E6520256400000000000001
:1081300010B5C1B204460020C4F25000FEF798FE0C
:10814000204610BD0000000010B501214FF0004294
:108150004FF080434FF0005C4FF0805E002848BF36
:10816000404200BF22FA01F4A04211D223FA01F4E6
:10817000A04213D22CFA01F4A04215D21C2901F11D
:10818000040404D82EFA01F188422146EAD3611E84
:10819000481E012101FA00F010BD00BF0131481E48
:1081A000012101FA00F010BD0231481E012101FA3F
:1081B00000F010BD0000000010B582B001AC2046F8
:1081C000F9F76EFF01208DF8070000208DF80500FB
:1081D00036202146F9F794FF37202146F9F790FF22
:1081E00036200021FAF730F837200021FAF72CF872
:1081F00036200121FAF778F837200121FAF774F8D0
:1082000002B010BD0000000010B540F61814C2F214
:10821000000418B10020207002E000BF207838B9B7
:108220003620F9F751FF88B13720F9F74DFF68B1D3
:108230003620F9F749FF01281ED13720F9F744FF0E
:1082400001284FF0000008BF207010BD42F21070EE
:10825000F9F73EFC012020703620F9F735FFB0FA1F
:1082600080F044093720F9F72FFF01462046002906
:1082700008BF022010BD00BF002010BD000000009C
:1082800010B582B001AC2046F9F70AFF00208DF846
:1082900007000320ADF8040025202146F9F730FF40
:1082A00025200021F9F7D0FF25200021FAF71CF83E
:1082B00025200121FAF760F802B010BD000000008F
:1082C0004EF61450CEF200000168890312D4BFF3B9
:1082D0004F8FBFF36F8F0021C0F83C12BFF34F8F59
:1082E000BFF36F8F016841F400310160BFF34F8F1E
:1082F000BFF36F8FFEF794F84FF6F85340F6201156
:10830000CFF6FF73C2F2000142F25940CF18C0F617
:1083100000006833C7E99500C7E99700C7E99900ED
:10832000C7E99B00C7E99D00C7E99F00C7E9A10015
:10833000C7E9A300C7E9A500C7E9A700C7E9A900E5
:10834000C7F8AC0220D000BFCA18C7F85002C7E96E
:10835000920068331746C2E9A500C2E9A700C2E946
:10836000A900C2F8AC02C2E99D00C2E99F00C2E9BF
:10837000A100C2E9A300C2E99500C2E99700C2E9E1
:108380009900C2E99B00DFD1C7E99200C7F850020B
:108390004FF62428FFF774FFF9F7A2FD00F0A4F8C8
:1083A00000F04EF900F028FB00F07EF8FFF704FF24
:1083B000FBF79EF8FBF7D8F82BA000F0C5FCFAF706
:1083C00003FF4FF2484948F2A065CFF6FF7942F625
:1083D000AB2B32A4C0F2010540F6B83A4FF6242781
:1083E00019E000BF3EB21BFB07F0010C01EBD0709F
:1083F000002100B2FAF7A4FEFAF79AFE00EB400063
:1084000032464100204600F069FB2846F9F760FB40
:108410002520F9F789FF0020FFF7F6FE022811D08A
:108420000128DFD1FAF7D0FE07F59670390408BFAE
:108430004FF4167007B25745A8BF57460004D1D174
:108440000EE000BFFAF7C0FEA7F59670390408BF2A
:1084500008F5617007B24F45D8BF4F460004C1D13F
:10846000FAF7BAFEBEE700BF0D0A4554363033397D
:1084700020504D534D207370656564206D6F6E699B
:10848000746F722072656164792C20626175643D3D
:108490003131353230302E0D00000000256C642C57
:1084A000256C640D0A00000010B582B001AC2046B6
:1084B000F9F7F6FD00208DF8070040F20320ADF833
:1084C00004003E202146F9F71BFE3E200021F9F76B
:1084D000BBFE3E200021F9F707FF3E200121F9F7FE
:1084E0004BFF02B010BD00002DE9F04385B04CF207
:1084F0000009C4F210094846F8F71EFD09F5805836
:108500004046F8F719FD09F500542046F8F714FD28
:108510000DF106073846F8F7B7FB40F2011648465A
:1085200039460725ADF80650C0F20406CDF80960BB
:10853000F8F74EFA20463946ADF80650CDF80960F6
:10854000F8F746FA1020ADF8060040F20010394660
:10855000C0F20400CDF809004846F8F739FA0820BF
:10856000ADF806004FF48020CDF8090040463946AA
:10857000F8F72EFA01214FF480424846F8F790FBB5
:10858000022180224846F8F78BFB04214FF48052E9
:108590004846F8F785FB10214FF400724846F8F77B
:1085A0007FFB082104224046F8F77AFB01211022C4
:1085B0002046F8F775FB022108222046F8F770FBE9
:1085C000042120222046F8F76BFB0420C0F20200B1
:1085D000FDF7CEFE01214846F8F782FC0121404616
:1085E000F8F77EFC01212046F8F77AFC10210422DE
:1085F0004846F7F7EDFF102104224846F8F7C4FD7E
:1086000017214846F7F7ACFF08214046F7F7A8FFC7
:1086100007212046F7F7A4FF40F6201040F2D131A1
:10862000C2F20000C0F60001C0F874114EF208104A
:10863000CEF200004FF40051016005B0BDE8F083B8
:108640002DE9F0439DB00DF101042046F9F728FD16
:10865000042021460325ADF80150F9F751FD2720EC
:108660002146F9F74DFD14202146F9F749FD042074
:108670000321F9F7E9FD272001214FF00108F9F75F
:10868000E3FD14200121F9F7DFFD2B202146F9F746
:1086900037FD26202146F9F733FD21202146F9F741
:1086A0002FFD2B200321F9F7CFFD26200121F9F71B
:1086B000CBFD21200121F9F7C7FD16AF3846FCF7A5
:1086C00043FF41F66A00169000208DF85D004FF0E0
:1086D00080403946FCF788FE46F200041020C4F2C0
:1086E00000048DF86F0040F20110ADF866002046DE
:1086F0003946CDF85E50FCF777FE04F580563946D2
:108700003046FCF771FE4FF040203946FCF76CFE16
:10871000A4F5A04539462846FCF766FE0AAF384660
:10872000FCF7FEFC20463946ADF854808DF85280A7
:10873000FCF7F2FB30463946FCF7EEFB4FF04020E9
:108740003946FCF7E9FB28463946FCF7E5FB4FF0D4
:1087500080403946FCF7E0FB00210C220223204632
:108760004FF00209FCF7B0FF002107220123204649
:10877000FCF7AAFF0021102202232046FCF7A4FFE9
:1087800001210C2201232046FCF79EFF0121072234
:1087900002232046FCF798FF0121102201232046E6
:1087A000FCF792FF00210C2202233046FCF78CFFDD
:1087B0000021072201233046FCF786FF002110220A
:1087C00002233046FCF780FF01210C2201233046B2
:1087D000FCF77AFF0121072202233046FCF774FFE1
:1087E0000121102201233046FCF76EFF4FF040209C
:1087F00000210C220223FCF767FF4FF040200021EC
:1088000007220123FCF760FF4FF0402000211022D7
:108810000223FCF759FF4FF0402001210C220123D5
:10882000FCF752FF4FF04020012107220223FCF702
:108830004BFF4FF04020012110220123FCF744FFA1
:108840004FF0804001210022FCF78AFE0020002129
:108850004022FCF7C5F9002000218022FCF7C0F976
:10886000002000211022FCF7BBF900200021022289
:10887000FCF7B6F90DF10D073846FCF755FD6420FD
:10888000ADF81100ADF821004FF00120CDF80D003A
:108890000120C0F20120CDF8190020463946FCF72E
:1088A00053FC30463946FCF74FFC4FF04020394628
:1088B000FCF74AFC0DF105073846FCF791FD40F244
:1088C0000310ADF80900204639468DF807808DF871
:1088D0000590FCF735FD30463946FCF731FD4FF089
:1088E00040203946FCF72CFD2046FCF731FA304693
:1088F000FCF72EFA4FF04020FCF72AFA2846FCF746
:1089000027FA4FF08040FCF723FA0021002220468E
:10891000FCF786FE002100223046FCF781FE4FF076
:10892000402000210022FCF77BFE16980021421F08
:108930002846FCF775FE16980021421F4FF0804034
:10894000FCF76EFE002144222846FCF7ADF94FF0FB
:10895000804000210422FCF737FE02200121FCF7B1
:1089600087F800200021FCF783F840F6201043F63A
:10897000A911C2F20000C0F60001C0F818120121CE
:108980002046FCF705FA01212046FCF729FA4EF2B1
:108990000C10CEF200004FF4800101604FF08040D7
:1089A0000121FCF7F5F94FF080400121FCF718FA9E
:1089B0000320FCF78DF8402000210222FCF7A0F8EC
:1089C000802000210222FCF79BF8102000210222C7
:1089D000FCF796F8402001210222FCF791F8802054
:1089E00001210222FCF78CF8102001210222FCF761
:1089F00087F81DB0BDE8F08310B582B001AC204609
:108A0000F9F74EFB17202146F9F77AFB3C20214667
:108A1000F9F776FB17200921F9F716FC3C200B210A
:108A2000F9F712FC0024C4F250042046FEF770F956
:108A30004FF4E13103222046FEF7C2F92046FEF74B
:108A400007F940F6201047F6C151C2F20000C0F607
:108A50000001C16701212046FEF71EF94EF2001009
:108A6000CEF200004FF40041016002B010BD0000E2
:108A70002DE9F0410446102000EB02102025E769A3
:108A80008846FF0620F010074FF0010120461E46E1
:108A900058BF05EB4217FCF733F930780F281AD886
:108AA000002502E03078102815D201212046FCF77D
:108AB000BFF90028F6D001212046FCF721F9013545
:108AC0003078A9B28F42EED80F2888BFBDE8F08178
:108AD0000120A8F80000BDE8F08100000FB4054BAC
:108AE00010B503A9044A029800F018F810BC5DF80C
:108AF00014FB0000318100080000002002E008C8DB
:108B0000121F08C1002AFAD170477047002001E007
:108B100001C1121F002AFBD1704700002DE9FF4F51
:108B20008BB09A460F460446002606E025280BD057
:108B300052460D999047641C761C20780028F5D188
:108B40000FB03046BDE8F08F0025A94601227D49CF
:108B500000E0054314F8013F203B02FA03F008420D
:108B6000F7D120782E2817D114F8010F45F004050D
:108B70002A280ED06FF02F022078A0F130010929A9
:108B80000AD809EB890102EB410100EB0109641CE1
:108B9000F2E757F8049B641C20786C280DD004DCA5
:108BA0004C2812D06A2811D104E074280DD07A28FC
:108BB0000CD10AE045F4001507E0617845F4801512
:108BC000814202D1641C05F58015641C2078692857
:108BD0003ED006DC0028B3D063280BD0642804D133
:108BE00036E0732810D075285CD052460D99904716
:108BF000761CA5E017F8040B8DF8000000208DF816
:108C00000100E846012003E057F8048B4FF0FF30E5
:108C100069074FF0000501D40AE06D1C4D450DDADF
:108C20008542FADB18F805100029F6D106E06D1C24
:108C30008542FCDB18F805100029F8D12E4404E029
:108C400018F8010B52460D9990476D1EF8D277E047
:108C500000200A90C5F302504FF00A0B02280CD0F6
:108C600001CFC117021E71F100020CDA0023D0EB14
:108C7000030063EB01012D2208E0FF1D27F0070729
:108C8000F7E80201EEE72A0504D52B228DF824200F
:108C9000012203E0EA070FD02022F7E70DF12008B8
:108CA000089218E000200A90C5F302504FF00A0B1A
:108CB000022803D001CF00210022EFE7FF1D27F09B
:108CC0000707F7E80201F7E75A460A9BF7F7DAFACF
:108CD000303208F8012D50EA0102F5D1ADEB080061
:108CE00000F1200B680701D44FF00109D94502DDDE
:108CF000A9EB0B0000E000208146002506E009A852
:108D00005246405D0D9990476D1C761C089885422F
:108D1000F5DB04E0302052460D999047761CB9F1FE
:108D20000001A9F10109F5DC05E018F8010B524634
:108D30000D999047761CBBF10001ABF1010BF4DCFF
:108D4000641CFAE60928010010B5044601E0FFF7AB
:108D5000EFF914F8010B04490028F8D1BDE81040E0
:108D60000A20FFF7E5B900000000002000C0104015
:108D700000E0104000000040000000000000000083
:108D8000000000000000000098C2104094C2104093
:108D900094C2104094C2104094C2104098C2104037
:108DA0009CE210409CE210409CE2104098E210408F
:108DB00098E210409CE2104080000000004000005B
:108DC0000040000000400000004000008000000063
:108DD000200000002000000020000000080000002B
:108DE0000800000020000000020000000100000058
:108DF000010000000100000001000000020000006E
:108E00000400000004000000040000000200000054
:108E10000200000004000000070162025D00000083
:108E2000010101010100000000000100020000003A
:108E30000000000000010103040201000000C9005D
:108E400092015B022403ED03B6047F054806110777
:108E5000D907A2086A09330AFB0AC40B8C0C540D0B
:108E60001C0EE30EAB0F72103A110112C8128F13D1
:108E700055141C15E215A8166E173318F918BE19EB
:108E8000821A471B0B1CCF1C931D571E1A1FDD1F78
:108E90009F2061212322E522A62367242825E82597
:108EA000A82667272628E528A329612A1F2BDC2B63
:108EB000992C552D112ECC2E872F4130FB30B531FA
:108EC0006E322633DF3396344D350436BA366F377B
:108ED0002438D9388C39403AF23AA53B563C073D04
:108EE000B83D683E173FC53F73402141CE417A42AD
:108EF0002543D0437A442445CD4575461C47C34796
:108F000069480F49B449584AFB4A9D4B3F4CE04CD5
:108F1000814D204EBF4E5D4FFB4F97503351CE5188
:108F2000685202539B533254C9546055F5558A56C2
:108F30001D57B0574258D3586459F359825A0F5BA2
:108F40009C5B285CB35C3E5DC75D4F5ED75E5D5F3A
:108F5000E35F6860EB606E61F0617162F1627063A3
:108F6000EE636C64E8646365DD655666CF664667EC
:108F7000BC673268A66819698B69FD696D6ADC6A2D
:108F80004A6BB76B236C8E6CF86C616DC96D306E7B
:108F9000966EFB6E5E6FC16F22708370E2704071DF
:108FA0009D71F9715472AE7207735E73B5730A7472
:108FB0005F74B27404755575A575F37541768D7639
:108FC000D87622776B77B377FA773F788478C7784B
:108FD00009794A798979C879057A417A7C7AB67AA9
:108FE000EE7A267B5C7B917BC57BF87B297C597C68
:108FF000887CB67CE37C0E7D397D627D897DB07D89
:10900000D57DFA7D1D7E3E7E5F7E7E7E9C7EB97E16
:10901000D57EEF7E097F217F377F4D7F617F747F13
:10902000867F977FA67FB47FC17FCD7FD87FE17F8A
:10903000E97FF07FF57FF97FFD7FFE7F0000000074
:1090400001000000200000000000000001000000FE
:109050000400000001000000010000005354204DF6
:10906000432053444B095665722E352E342E34005E
:10907000000000000000000000000000443A2F4BF8
:1090800065696C5F76352F41524D2F5061636B736C
:109090002F45544D43552F4554363033395F4446A0
:1090A000502F302E322E342F455436785F4472695B
:1090B0007665722F5372632F657436785F616463CF
:1090C0002E6300443A2F4B65696C5F76352F415211
:1090D0004D2F5061636B732F45544D43552F4554AD
:1090E000363033395F4446502F302E322E342F45E0
:1090F0005436785F4472697665722F5372632F65B8
:109100007436785F636F727465782E6300443A2F0B
:109110004B65696C5F76352F41524D2F5061636B03
:10912000732F45544D43552F4554363033395F44E2
:1091300046502F302E322E342F455436785F4472ED
:10914000697665722F5372632F657436785F637228
:10915000672E6300443A2F4B65696C5F76352F416B
:10916000524D2F5061636B732F45544D43552F451E
:1091700054363033395F4446502F302E322E342F40
:10918000455436785F4472697665722F5372632F47
:10919000657436785F6461632E6300443A2F4B65D3
:1091A000696C5F76352F41524D2F5061636B732F81
:1091B00045544D43552F4554363033395F4446505E
:1091C0002F302E322E342F455436785F4472697614
:1091D00065722F5372632F657436785F6770696F9D
:1091E0002E6300443A2F4B65696C5F76352F4152F0
:1091F0004D2F5061636B732F45544D43552F45548C
:10920000363033395F4446502F302E322E342F45BE
:109210005436785F4472697665722F5372632F6596
:109220007436785F737270776D2E6300443A2F4BFB
:1092300065696C5F76352F41524D2F5061636B73BA
:109240002F45544D43552F4554363033395F4446EE
:10925000502F302E322E342F455436785F447269A9
:109260007665722F5372632F657436785F756172FD
:10927000742E630098920008000000201007000080
:1092800078030008C894000810070020580C00005C
:109290000C8B0008000000004112021201107FEA4E
:1092A00071376C3E7FC57D0E7DA87B4D7AA5795BBD
:1092B000781B777F764E75267495737A726771E0A6
:1092C00070D86FD76E596E626DE96CFC6B146BA32E
:1092D0006AC469EA687F68AD67E0667B66B565F475
:1092E000649464D9632263C8621662686113616A18
:1092F00060C55F735FD35E365EE95D505DBA5C70DA
:109300005CDE5B975B095B7E5A395AB2592C59EB8C
:10931000586958E957AA572E57B456775600221263
:10932000568A555055DE546D543554C7535A5324FC
:1093300053BA5252521E52B75153512151BE505D31
:10934000500237321A01022195D10A5A0914C0FF7E
:109350001F124016E0FF7F0180120813400BD20E4F
:10936000092A2C12E6A25A233C251809C4DAFF3C2C
:1093700025C4DA10791A043101FF0115E310BA137C
:10938000393B140811411B08810413D9391408A969
:1093900042140861401408013D420813013E1B08B5
:1093A000190C1A9108031E25A9120123D430126446
:1093B0001A320201103204636A18136C8D04180803
:1093C000803EA2522CD0104085321C120A1D2DBAAC
:1093D0007625481209422013E80302104013640363
:1093E0002420BC022395051A700C145E01692384A5
:1093F000061A7C0C2D7E04C2010C1A880C21490C23
:109400005113026019B5D123F4017920F11AD84023
:109410001351612B086104125C14083963120804AB
:1094200010040AC8143F02082BFFFFE61201300B9C
:10943000EA0630A5EA0531472C17124042102B14DA
:10944000020D611DFFFFFF7F731A800612804D40E1
:10945000FFFF0E2301B71440400C14110F601008D9
:1094600002C840403F020E120C02230616E803F425
:109470000108100AF8FF0CFE3C25C4DA015B06FF68
:109480004E0511787D010104172B0219135119148F
:1094900008D9181B0859081AE1081AF1041A91048E
:1094A000011512040210C8143F020825FFFF803E78
:1094B00009107649A804FF9001270126031850409F
:0894C000227042900000000040
:0400000508000249A4
:00000001FF
